user_id,gender
U_7594103,1
U_8452203,1
U_7582137,1
U_8270995,1
U_8436739,1
U_8139804,0
U_8424307,0
U_8423680,0
U_8427644,0
U_8170789,1
U_2490085,1
U_6907208,0
U_8242190,1
U_8424009,0
U_8350791,0
U_8350793,0
U_6592731,1
U_8275462,0
U_8404027,0
U_8415995,1
U_7992236,0
U_8444966,1
U_6464791,1
U_7693745,0
U_8430411,1
U_8455791,0
U_7024386,0
U_2798341,1
U_8351731,0
U_7594207,0
U_8270628,0
U_8417735,0
U_8397890,1
U_8454457,1
U_8404473,0
U_8272906,0
U_2970281,1
U_370800,0
U_8446702,0
U_1458718,0
U_8262703,0
U_8436450,1
U_4431714,0
U_8350480,0
U_8397045,0
U_8429917,0
U_69246,0
U_8261990,0
U_8381870,0
U_409735,0
U_8240823,0
U_8380523,0
U_8120934,0
U_530697,0
U_8454654,1
U_8136058,0
U_8249630,1
U_8116297,0
U_8408264,0
U_7978688,0
U_8414250,1
U_6936401,1
U_171347,0
U_6480408,0
U_8480436,0
U_8371759,0
U_3076,0
U_8373344,0
U_6710544,0
U_7374989,1
U_8069926,1
U_2475797,0
U_8450473,0
U_8478614,0
U_8193865,0
U_8397384,1
U_8367933,0
U_8276638,1
U_8459415,0
U_8429051,1
U_8260507,0
U_6724847,1
U_8430317,0
U_8265899,1
U_8385936,0
U_8242577,0
U_6346929,0
U_8408984,0
U_8386139,1
U_394766,1
U_1085976,0
U_8168862,0
U_8414826,1
U_8043755,0
U_8161180,0
U_8419264,0
U_8420322,0
U_8260707,0
U_8260700,0
U_26452,0
U_8456209,0
U_8450358,0
U_452078,0
U_8182678,0
U_8444616,0
U_8267321,0
U_8459119,0
U_8457110,0
U_8428310,1
U_8273484,0
U_8271020,1
U_5838948,1
U_8365507,0
U_8396357,0
U_7959216,1
U_8437567,0
U_8442247,0
U_8456744,0
U_4322276,0
U_8206351,1
U_7787006,0
U_8399935,0
U_8452685,0
U_8455307,1
U_8370757,1
U_8441719,0
U_8188667,0
U_8209255,1
U_1729375,0
U_2857402,0
U_8096221,0
U_8425444,1
U_8176715,1
U_8429176,0
U_2743544,1
U_8271803,1
U_6467377,0
U_7776692,0
U_8267215,0
U_6409337,0
U_8261833,0
U_8245768,1
U_8474127,0
U_2868166,1
U_7967676,1
U_8421643,0
U_6220693,1
U_8248665,0
U_4639699,0
U_8416664,1
U_7549226,0
U_8400111,0
U_8458922,1
U_8403741,1
U_8397802,0
U_8404489,1
U_5253585,1
U_8370927,1
U_8267705,0
U_5314780,0
U_7154571,1
U_8477471,0
U_8459134,0
U_221887,1
U_8015323,0
U_8245905,1
U_8403916,0
U_8443446,1
U_8170493,1
U_139112,0
U_8445438,0
U_7947728,1
U_8415568,0
U_8403462,1
U_8445795,1
U_8449756,0
U_8168984,0
U_8410125,0
U_8259883,0
U_8249942,1
U_8277488,0
U_8419024,0
U_535020,1
U_8422501,1
U_1948806,0
U_6952568,0
U_8405682,1
U_8083787,0
U_8434916,1
U_8273503,0
U_8173875,1
U_8414761,1
U_8412511,0
U_8396075,0
U_8436012,1
U_8452672,1
U_8424835,0
U_8446518,1
U_8401572,0
U_8156837,0
U_8246794,0
U_8371336,0
U_8459209,1
U_8374802,0
U_8428059,1
U_8443805,0
U_2528549,0
U_8365295,1
U_8242075,1
U_8354407,0
U_8382098,0
U_8446379,0
U_6640873,1
U_8402511,1
U_2513458,0
U_8250242,0
U_7573635,0
U_1637968,0
U_8206671,0
U_8044021,0
U_8192856,0
U_8391864,0
U_8249324,0
U_8376458,0
U_8275470,0
U_8032083,0
U_7947229,0
U_7212135,1
U_8242017,0
U_8455453,0
U_8475998,0
U_310132,0
U_8474252,0
U_479120,1
U_8445602,0
U_8414145,0
U_8363691,0
U_8401659,0
U_2550063,1
U_630790,1
U_8473319,0
U_7400215,0
U_8272912,1
U_8407440,1
U_7657606,0
U_8450880,0
U_5102289,0
U_4291193,1
U_3548432,0
U_8419239,0
U_544627,1
U_8364891,0
U_8364897,0
U_2334619,1
U_8426204,0
U_887326,0
U_7094034,0
U_8353611,0
U_8476927,1
U_8186777,0
U_1103456,0
U_7399017,0
U_8453744,0
U_8479027,1
U_7738294,0
U_8411766,0
U_6646644,0
U_8443250,0
U_3202914,1
U_7737166,0
U_7105625,1
U_8269498,1
U_8396524,0
U_8276573,1
U_8131754,1
U_8265649,1
U_8404059,1
U_8444128,0
U_6255846,0
U_8367924,1
U_7806757,0
U_8474880,0
U_8367596,0
U_8408897,0
U_708429,0
U_8388445,1
U_74692,0
U_2736996,0
U_8431180,1
U_8268257,0
U_7952431,0
U_8476489,1
U_3793861,1
U_8409010,1
U_8353217,1
U_6087449,1
U_8364984,1
U_8266147,1
U_2577242,0
U_8354873,1
U_6908061,0
U_8365332,0
U_8277004,1
U_1219923,1
U_8248181,0
U_8424588,1
U_8424586,0
U_8399344,0
U_8168913,0
U_8247656,0
U_8200476,0
U_8398585,0
U_8419257,1
U_8391787,0
U_8270514,0
U_7694316,0
U_7945179,1
U_26529,0
U_8355128,0
U_8382535,0
U_7657784,1
U_8446692,0
U_8259862,1
U_8266449,0
U_8447237,1
U_8444626,0
U_7695807,0
U_8170212,1
U_8394713,0
U_8399901,1
U_6435773,1
U_8054728,0
U_1638428,0
U_8408854,1
U_8364811,0
U_4437783,0
U_8262498,1
U_7713402,0
U_1433300,1
U_599630,0
U_8018997,1
U_8394110,0
U_5222124,0
U_8447673,0
U_8476869,0
U_8458759,0
U_8476171,0
U_555191,1
U_8270729,1
U_7186885,1
U_6086832,1
U_483993,0
U_8429472,1
U_7432767,0
U_6801949,1
U_8055288,0
U_8070116,0
U_8413949,1
U_3061009,0
U_8270036,1
U_8436313,0
U_7949870,0
U_8260572,0
U_8454257,0
U_8443457,0
U_1532803,0
U_2276832,0
U_8353292,0
U_8422212,0
U_8429340,1
U_8260698,0
U_8425259,1
U_8431200,0
U_527112,1
U_8351911,0
U_7723473,1
U_8275337,0
U_2848347,0
U_8431305,0
U_6751625,1
U_8448350,1
U_8419313,1
U_7156891,0
U_7833218,1
U_8385524,1
U_8249950,0
U_7787332,1
U_8372513,1
U_8429441,0
U_8458095,0
U_8454811,1
U_8430878,0
U_8418161,1
U_8420485,1
U_45389,0
U_8376675,0
U_11821,1
U_8266546,0
U_8424801,0
U_8189945,0
U_8367502,1
U_8367509,0
U_2852167,1
U_8370495,1
U_8263640,0
U_8475410,0
U_753816,1
U_5855711,0
U_8272092,0
U_8265832,0
U_24252,0
U_8424220,1
U_8450174,0
U_53855,1
U_8109764,0
U_1639903,1
U_7582675,1
U_8452263,0
U_8402051,1
U_8095736,0
U_7992415,0
U_8357028,0
U_7576281,0
U_8353546,0
U_8411312,0
U_8164267,1
U_8248198,1
U_8387519,1
U_243341,0
U_458875,0
U_8408488,0
U_6934502,0
U_8062976,0
U_8124302,1
U_7920391,0
U_8385697,1
U_7946755,0
U_8418099,0
U_8273192,0
U_8454230,0
U_8248444,0
U_8395895,0
U_126146,0
U_8450702,1
U_8262629,1
U_8389279,0
U_8351756,1
U_8427240,0
U_8395451,0
U_8402833,0
U_7809227,0
U_59308,1
U_8409942,0
U_8273035,0
U_8165701,0
U_2916576,0
U_8362864,1
U_8429932,0
U_2344031,0
U_8449109,0
U_7965378,0
U_8401880,0
U_7771617,0
U_8259234,1
U_8428547,1
U_7671613,0
U_8420146,0
U_7085549,1
U_8441437,1
U_1078249,0
U_8437863,0
U_8426331,0
U_8383802,0
U_8422949,0
U_8481608,0
U_8385967,0
U_8394364,0
U_8409641,1
U_8365023,0
U_7827611,0
U_8430676,0
U_8476084,0
U_8371089,0
U_8473866,0
U_6175611,1
U_8268121,1
U_7990802,0
U_8453932,0
U_6902447,0
U_8435214,1
U_8406694,1
U_8434980,1
U_8268226,0
U_7724320,0
U_8400310,1
U_6686505,1
U_8382000,0
U_8260667,0
U_8269792,0
U_8444318,0
U_8442729,0
U_8434590,0
U_8480155,1
U_8276242,0
U_7446579,0
U_8406495,1
U_40868,0
U_6630938,0
U_8477925,0
U_7972292,0
U_8244423,0
U_8407947,1
U_7184653,0
U_8477026,1
U_8355214,0
U_8160564,0
U_8435806,0
U_6858045,1
U_2636928,1
U_8415937,0
U_8448818,0
U_8447360,1
U_69020,0
U_8267203,1
U_7172713,0
U_8274933,0
U_8272551,0
U_8274687,0
U_8418137,0
U_7174483,1
U_6397082,1
U_8388168,0
U_8260885,0
U_572795,0
U_8248615,0
U_8426170,0
U_8416369,0
U_8435650,0
U_8415776,0
U_2539941,0
U_8384451,0
U_8400615,0
U_8477905,0
U_8248002,0
U_7968196,0
U_8269319,1
U_8260478,0
U_8269503,1
U_8474471,1
U_8248841,0
U_1043017,0
U_8248527,0
U_8267524,1
U_8436268,1
U_8436262,0
U_8352161,1
U_8383811,0
U_8423459,1
U_8397803,1
U_8247221,0
U_4442612,0
U_8263178,1
U_7989417,1
U_8458293,0
U_472945,0
U_8116040,0
U_8247123,0
U_7017311,0
U_7805761,0
U_1492666,1
U_8004549,0
U_7595016,0
U_8155703,1
U_2781794,0
U_8456549,0
U_8451981,0
U_8192532,1
U_8262306,0
U_812007,0
U_8436096,0
U_8351825,0
U_8456265,1
U_8355290,0
U_8241475,1
U_8391711,0
U_3147543,0
U_443869,0
U_8388269,1
U_8275805,0
U_6925245,1
U_390388,1
U_2461152,0
U_8449531,0
U_2636170,0
U_5158506,1
U_749861,0
U_8442551,0
U_8353339,0
U_565063,1
U_8458386,0
U_8476526,1
U_8480742,0
U_8478400,1
U_8274857,1
U_143474,1
U_8389609,0
U_8269021,1
U_8399148,1
U_8479404,1
U_8476461,1
U_562465,0
U_8398320,0
U_8398322,0
U_8417995,1
U_8394089,1
U_2347829,1
U_8455068,0
U_8446357,0
U_8389704,1
U_2510416,1
U_8452252,1
U_518260,0
U_8431554,0
U_4547409,0
U_8394492,0
U_4203125,0
U_8265143,1
U_25723,1
U_8275455,0
U_7840624,0
U_756716,1
U_8387605,0
U_8426724,0
U_7741549,1
U_7427899,0
U_8400867,0
U_8447025,0
U_8436567,1
U_5223509,0
U_8117291,1
U_8035973,0
U_7844469,1
U_1774043,0
U_1078459,0
U_8417693,0
U_8269878,0
U_8429946,0
U_6603397,0
U_8453629,0
U_8184263,0
U_4172132,0
U_8427079,1
U_7989295,1
U_8138924,1
U_8420172,0
U_8441428,0
U_1369870,1
U_8371398,0
U_8434233,1
U_8420777,1
U_8370160,0
U_8380650,0
U_8422564,1
U_8366610,0
U_7806493,0
U_7656342,0
U_8271167,1
U_8448549,0
U_8245026,0
U_8403305,0
U_7666441,0
U_7739034,0
U_8456637,1
U_7563766,1
U_8395944,1
U_1477651,0
U_8400204,1
U_4536878,0
U_8420535,1
U_8422871,0
U_6644883,0
U_8407755,0
U_8262860,0
U_8390627,0
U_7747856,1
U_7745475,1
U_8363460,1
U_8199041,1
U_8265466,1
U_1639990,0
U_8410187,1
U_6539640,1
U_344714,1
U_6819887,1
U_8365357,0
U_8473758,0
U_1133485,0
U_8445705,1
U_8155178,0
U_8415866,0
U_8168686,0
U_7176820,0
U_7382254,0
U_8363462,0
U_5844041,0
U_4491097,0
U_8480034,1
U_8480032,0
U_6608425,0
U_8403650,1
U_8272811,0
U_2656089,1
U_8375698,0
U_5943034,1
U_8407031,0
U_8355684,1
U_8267238,1
U_8099116,0
U_7697046,0
U_3194934,0
U_8270673,1
U_8448966,1
U_8266399,1
U_8428670,0
U_8447752,0
U_8273903,1
U_8273904,1
U_256441,0
U_7822053,1
U_7840717,0
U_8401703,1
U_662013,1
U_8449600,0
U_6109959,1
U_8464421,1
U_2473429,0
U_8451793,1
U_8239339,1
U_8375584,0
U_8441553,0
U_7822639,1
U_8263969,0
U_8396746,1
U_8409143,0
U_4443757,1
U_8476630,0
U_4684765,0
U_8243054,0
U_8006098,0
U_7781321,0
U_7052722,0
U_2022688,0
U_8095578,1
U_8388300,1
U_8427007,0
U_8405060,0
U_8350756,0
U_8395912,0
U_8366103,0
U_8458698,0
U_8194780,0
U_8411806,1
U_8367945,0
U_6986690,0
U_8246985,0
U_8077259,0
U_7725103,0
U_8373218,0
U_8473951,0
U_8366537,0
U_1156714,0
U_7823024,1
U_8246143,0
U_1084228,1
U_504366,0
U_8429321,1
U_7786923,0
U_8441463,0
U_7812554,0
U_388115,0
U_7594917,1
U_8422357,0
U_1665491,0
U_8375268,1
U_6375948,1
U_7724552,0
U_8366830,0
U_8456939,0
U_685373,0
U_6534218,0
U_8441695,1
U_8210731,0
U_8442431,1
U_8429562,1
U_8266727,0
U_8267391,0
U_3035666,1
U_147475,0
U_8277915,0
U_8264880,1
U_599276,1
U_727335,0
U_8459556,0
U_8459551,0
U_6644268,1
U_8377997,1
U_8417314,0
U_8272469,0
U_8442391,0
U_5948685,1
U_8272764,1
U_8402319,0
U_7042352,0
U_2719592,0
U_8417988,0
U_5997071,1
U_8473596,1
U_8163751,0
U_1100759,0
U_8245176,1
U_8410505,0
U_8261189,0
U_8425734,0
U_8393560,1
U_8271951,0
U_8410604,1
U_8451516,0
U_7833459,1
U_8265155,0
U_1461155,1
U_1772294,0
U_8476074,0
U_8387614,0
U_8368137,0
U_8270408,0
U_7799833,0
U_8397101,0
U_8266308,0
U_8350151,0
U_8479087,0
U_8175775,0
U_8059042,1
U_7965116,1
U_7196632,0
U_8442024,0
U_8382178,0
U_7838319,1
U_8372244,1
U_4112450,1
U_6713644,1
U_8272104,1
U_8356211,0
U_8366403,0
U_8010680,0
U_5137972,0
U_8413729,1
U_8403844,0
U_8094234,1
U_8394200,0
U_8390310,0
U_6297517,0
U_149261,0
U_8445824,0
U_7671261,1
U_7395562,1
U_7211524,1
U_8445902,1
U_8449373,0
U_8445249,0
U_8264802,0
U_8274459,0
U_4492528,1
U_8443399,1
U_8258924,1
U_8258922,0
U_7679628,1
U_8127443,0
U_8435152,0
U_523450,0
U_8268107,1
U_8415011,0
U_8438444,1
U_8353363,0
U_8354228,0
U_8455518,1
U_4426647,1
U_8480980,0
U_3166435,0
U_4329754,0
U_623171,0
U_8451861,1
U_8350322,0
U_8436264,0
U_8086608,0
U_8436112,0
U_7569566,0
U_8424992,0
U_7412169,0
U_8378480,1
U_8268401,1
U_8394429,0
U_8244090,1
U_8374331,1
U_8425698,0
U_8277885,0
U_8053046,0
U_8400053,1
U_8399972,1
U_7420893,1
U_7044926,1
U_8455400,1
U_8454254,1
U_8194520,0
U_7834183,0
U_8413295,1
U_4443886,1
U_8275564,1
U_8421573,0
U_8453335,1
U_8415635,0
U_8447582,0
U_8424648,1
U_8045085,1
U_8476294,0
U_8424085,0
U_8451681,1
U_7560134,1
U_8454739,1
U_8424749,0
U_2789494,0
U_8158946,1
U_8383287,0
U_138290,0
U_8457860,0
U_7808828,0
U_8408231,1
U_6565530,1
U_41079,0
U_2738166,1
U_3478777,1
U_8476831,0
U_7965849,1
U_743391,0
U_2816422,0
U_8041966,0
U_8350741,0
U_8428320,0
U_8270104,1
U_8272823,0
U_3761756,1
U_119805,0
U_8350924,0
U_8199738,0
U_8443295,1
U_8267440,1
U_6815787,1
U_8447867,0
U_8144721,1
U_8477796,0
U_8307467,0
U_7964491,0
U_8168238,0
U_8275006,1
U_8268874,0
U_8364090,0
U_6273827,0
U_6627233,1
U_8377285,0
U_7793104,1
U_8436195,0
U_8420368,0
U_8260743,0
U_8372939,0
U_8267067,0
U_8195144,0
U_8435685,0
U_8272779,1
U_8271871,1
U_8438639,0
U_8364695,1
U_8135300,1
U_2797384,1
U_8266717,0
U_5526963,0
U_2442161,0
U_8243520,0
U_87114,1
U_8372941,1
U_7847216,0
U_8177008,0
U_8383510,1
U_666374,0
U_100812,0
U_8398144,1
U_6866626,1
U_6360566,0
U_2904272,0
U_8383630,0
U_8266512,0
U_8476544,1
U_8261394,1
U_8425505,1
U_5525785,0
U_8388487,1
U_8124652,1
U_1992955,0
U_8442389,1
U_6412728,0
U_8352216,0
U_7656989,0
U_8123657,0
U_3217935,0
U_8387423,1
U_8409000,1
U_3864008,0
U_8275793,1
U_7737646,0
U_8241208,0
U_8277265,0
U_8408396,1
U_7960339,1
U_8481038,0
U_8477675,0
U_8458605,0
U_12541,1
U_8377405,0
U_8370825,1
U_8455498,0
U_8455492,0
U_7678990,1
U_8478340,1
U_8206281,1
U_8408782,0
U_8262655,1
U_8275285,0
U_8270695,0
U_8157399,0
U_8423098,0
U_8383615,0
U_1094682,1
U_8055645,0
U_8436403,0
U_8166384,0
U_7984947,0
U_284724,1
U_7781185,0
U_8429969,1
U_7045950,0
U_8378190,1
U_5330107,0
U_8175603,0
U_8272878,0
U_8246254,0
U_8278058,0
U_6329272,0
U_350400,1
U_8423291,0
U_8383215,0
U_7131185,0
U_8420847,0
U_7114805,0
U_8378268,1
U_8422441,0
U_8368151,0
U_8415229,0
U_8189722,0
U_8269515,0
U_42215,1
U_8442951,0
U_8278084,0
U_8412221,0
U_6235502,0
U_171318,0
U_4440830,1
U_8457177,0
U_8422502,0
U_7138206,1
U_8436342,0
U_8436349,1
U_8264816,0
U_8389328,0
U_2854684,0
U_8435142,1
U_8398882,1
U_8423282,0
U_8259974,1
U_7526070,1
U_8448552,1
U_8377961,1
U_7807757,0
U_8388400,0
U_8429084,1
U_8456684,0
U_8141563,0
U_8350277,0
U_8459241,0
U_517201,0
U_6848,0
U_8401999,1
U_8437360,1
U_8407696,0
U_8191991,0
U_8155942,0
U_8453026,0
U_8272083,1
U_7800833,0
U_8364706,1
U_8367351,0
U_8355329,0
U_8246973,0
U_4266729,1
U_8367185,0
U_8265129,1
U_7170911,1
U_6609610,1
U_8249993,1
U_8380917,1
U_8241626,0
U_8266290,0
U_8447874,0
U_8258545,0
U_8258548,0
U_8381166,0
U_8008438,0
U_2400998,1
U_8474788,1
U_8438468,0
U_3451018,1
U_8449931,1
U_8407485,0
U_6720467,0
U_8457241,1
U_8171009,0
U_8460049,0
U_7675464,0
U_2850265,1
U_387998,0
U_7117857,0
U_518825,0
U_7034796,0
U_244785,1
U_8389199,0
U_8389198,0
U_467438,0
U_8355707,0
U_7066791,1
U_1462011,1
U_7282331,1
U_2465510,0
U_2929780,0
U_475502,1
U_8428274,0
U_8382820,1
U_3789449,0
U_5461222,0
U_8384638,0
U_8416773,0
U_8367828,0
U_8430738,0
U_8441964,0
U_287857,0
U_7999359,0
U_8205520,0
U_8271652,1
U_6836589,1
U_8386469,0
U_7735855,0
U_8382353,0
U_8363164,0
U_8381706,0
U_7791432,0
U_7782340,0
U_300184,1
U_8373279,0
U_8454762,1
U_8277648,0
U_8407736,0
U_8475270,1
U_8364080,1
U_8247117,0
U_8247118,0
U_8265405,1
U_470708,0
U_8355676,1
U_1084082,0
U_8431242,1
U_8350355,0
U_8384318,1
U_8417921,0
U_7789304,0
U_8390784,0
U_7841116,0
U_8419235,0
U_8395158,1
U_8475068,0
U_8443137,0
U_8443617,1
U_7194218,0
U_8399443,0
U_8367107,0
U_8016399,0
U_7451046,0
U_6694193,0
U_8364396,0
U_8367743,1
U_8037086,0
U_8246544,0
U_8276687,0
U_8166850,1
U_6937415,0
U_7986571,0
U_8426828,1
U_594046,1
U_6628326,0
U_8442430,0
U_8259756,0
U_7995340,0
U_8457465,0
U_8274136,0
U_8457327,1
U_2471118,0
U_4441045,1
U_1904233,0
U_8116777,1
U_8250391,0
U_8129380,1
U_8389758,0
U_8445993,0
U_8144350,0
U_8363328,0
U_8451411,1
U_8394156,0
U_8407313,0
U_8275298,0
U_8401293,0
U_3984772,0
U_8431578,1
U_8276104,0
U_8265097,1
U_7546796,0
U_8247959,0
U_81117,1
U_8395854,1
U_8474207,0
U_5241692,0
U_8262663,1
U_7709351,1
U_8377316,0
U_8396197,1
U_300412,1
U_2712739,0
U_2483405,1
U_8247198,1
U_8265481,0
U_8271450,0
U_8481140,1
U_8453970,0
U_6110471,0
U_6706175,1
U_8372229,0
U_8261091,0
U_6712439,0
U_8399438,0
U_8377118,0
U_8278198,0
U_8278199,0
U_8378530,1
U_8404653,0
U_2517609,0
U_5226171,0
U_7548308,0
U_8414238,0
U_5854307,0
U_8351870,0
U_4441548,0
U_6935885,1
U_8366764,1
U_7519587,0
U_8261712,0
U_2475655,1
U_8453812,0
U_8200806,1
U_8233462,0
U_4696609,1
U_8260263,1
U_8271390,1
U_2527377,0
U_2557166,1
U_8259699,0
U_6624190,0
U_5061073,0
U_6921871,0
U_8401060,1
U_7187211,0
U_8408862,1
U_453269,0
U_8152265,0
U_8244051,1
U_6269592,0
U_8425384,0
U_8442625,0
U_6881884,0
U_8480076,0
U_8370571,1
U_8370570,1
U_8370579,0
U_5369364,0
U_8473666,0
U_8444478,0
U_2794708,0
U_8449372,1
U_7776483,0
U_8418498,0
U_6705902,1
U_1432687,0
U_8129770,0
U_7986868,0
U_74819,0
U_8277353,0
U_8444980,0
U_8379575,0
U_7663393,0
U_256575,0
U_8452769,0
U_5221545,1
U_8240183,0
U_8401600,0
U_7999605,1
U_4442411,0
U_8409245,1
U_6383222,0
U_72288,1
U_8245893,0
U_8355670,0
U_8248349,0
U_8116196,1
U_582584,0
U_8265684,1
U_8380500,0
U_8350080,0
U_7052240,1
U_8041876,1
U_8096143,0
U_2319557,1
U_8438070,1
U_8269545,0
U_8139464,0
U_8373525,0
U_8245788,1
U_6597957,0
U_8247325,0
U_8264462,0
U_8420443,0
U_6160497,0
U_8261671,0
U_8411668,0
U_8275363,0
U_8474130,1
U_8370453,0
U_8403256,1
U_8480618,0
U_71452,0
U_8455562,1
U_8378010,0
U_8412847,1
U_8265435,0
U_8375318,1
U_4363389,1
U_8410829,0
U_8266330,1
U_4441119,0
U_7675127,0
U_8365814,0
U_8088973,0
U_8455356,0
U_8427408,0
U_8458459,1
U_8419341,0
U_8260391,0
U_6921270,0
U_8259422,0
U_8370335,0
U_8275487,0
U_8429516,0
U_8157618,0
U_8249924,0
U_8371152,1
U_8380693,0
U_8480390,0
U_8456127,0
U_8448588,0
U_320261,0
U_8406045,0
U_8206882,0
U_8261368,0
U_8366557,0
U_8380970,0
U_8210861,1
U_8351180,1
U_8381744,0
U_8369952,0
U_8450759,0
U_8243306,0
U_8365228,0
U_8474672,0
U_8447463,0
U_8457470,0
U_8261938,0
U_8430665,0
U_8421466,1
U_8369770,1
U_7741690,0
U_8381280,0
U_7993387,1
U_8266560,0
U_8420410,0
U_8261813,1
U_8452291,1
U_8261170,0
U_8393519,0
U_8393517,1
U_8350629,0
U_8368202,1
U_8454193,1
U_8379889,1
U_1709570,1
U_8457981,0
U_8246832,1
U_8207155,1
U_8248647,1
U_7975118,1
U_8363118,0
U_8397654,1
U_8370802,0
U_8262462,1
U_8455722,0
U_125785,0
U_8445670,1
U_8375137,0
U_8266359,0
U_8276688,0
U_8350121,0
U_8268810,1
U_1417001,0
U_8143086,1
U_2311478,0
U_381970,0
U_2301649,0
U_8274088,0
U_8245593,0
U_6072243,0
U_8442126,0
U_6472875,0
U_8478064,1
U_2833549,0
U_8248913,0
U_8411702,0
U_8379870,0
U_8453824,1
U_1135036,0
U_8390428,0
U_8454842,0
U_6725274,0
U_8258916,0
U_491252,0
U_2789789,0
U_7520545,0
U_8414702,0
U_8445137,0
U_8276729,0
U_7973602,0
U_8479862,1
U_8398223,1
U_8191896,0
U_1481629,0
U_8390665,1
U_8244063,0
U_6727777,1
U_8450147,0
U_8445651,1
U_8268356,1
U_8478809,1
U_1132779,1
U_8243795,0
U_8441387,1
U_8079951,0
U_4441599,1
U_8389448,1
U_8394450,0
U_8453147,1
U_8450282,0
U_7589718,0
U_2544069,1
U_8100250,0
U_6728747,1
U_7790128,0
U_8446877,0
U_8159375,0
U_8247512,0
U_8429707,1
U_8424117,1
U_8419883,1
U_8193258,1
U_8097251,1
U_8414120,0
U_8366002,0
U_8177917,0
U_8475182,0
U_8444630,0
U_8273944,1
U_8369152,0
U_8475125,0
U_8451433,0
U_8181844,1
U_8388257,0
U_2025030,0
U_8354476,0
U_2538617,0
U_8375905,0
U_8481611,1
U_8478127,0
U_8408375,0
U_7423874,0
U_4400669,1
U_549551,0
U_8262431,0
U_8416033,1
U_193912,1
U_8421773,0
U_8400764,0
U_8352123,0
U_8160316,1
U_6144134,1
U_8385950,0
U_3746088,1
U_8384963,0
U_7008871,1
U_7524354,0
U_8208104,1
U_8274429,1
U_7654328,0
U_8271675,0
U_2776584,1
U_8249004,0
U_4441115,0
U_8457524,1
U_8443517,1
U_8458346,0
U_4440907,1
U_7112512,0
U_5303548,1
U_8388466,0
U_8473915,0
U_70677,1
U_8362982,0
U_8441927,0
U_7880947,1
U_6981657,0
U_8448788,0
U_8428130,0
U_8405547,0
U_8444340,0
U_8436806,1
U_8417416,1
U_8431598,0
U_8434673,0
U_7562330,0
U_715002,1
U_5390565,0
U_8443151,1
U_8267038,1
U_8451974,1
U_8451978,1
U_8431539,1
U_6112636,0
U_8421156,0
U_8380782,0
U_8364664,1
U_208944,0
U_8407877,1
U_8418609,0
U_8378842,1
U_6633183,1
U_1541625,0
U_449396,0
U_8368513,0
U_7782387,1
U_8197026,0
U_8456010,0
U_8244575,1
U_8425537,0
U_2676088,0
U_8407136,1
U_8455315,1
U_8446287,1
U_8438305,1
U_8418000,1
U_8428758,0
U_4441881,0
U_1036584,0
U_8374788,0
U_8429884,0
U_1658132,0
U_8248050,0
U_8264163,1
U_6737121,0
U_8261803,1
U_88886,1
U_6953529,0
U_4442020,0
U_8274352,0
U_8409932,0
U_8399885,0
U_3515610,1
U_8262017,0
U_476109,1
U_8474328,0
U_8402773,0
U_8248651,1
U_8476038,0
U_8430276,0
U_8356263,0
U_8371223,1
U_7072242,0
U_3049023,1
U_8425136,0
U_8449369,0
U_8035863,1
U_7971497,0
U_4275200,0
U_8372743,0
U_5202980,1
U_6023483,1
U_8245918,0
U_530416,0
U_8266344,0
U_5494549,0
U_7449927,0
U_478242,0
U_8263092,1
U_8201075,0
U_7974800,0
U_2013268,0
U_8182872,0
U_249211,0
U_8458273,0
U_7198752,0
U_8442825,0
U_8170394,1
U_8276720,0
U_8434464,0
U_8074520,1
U_8364414,0
U_8277184,0
U_8372402,0
U_7592753,0
U_8453831,0
U_8429461,0
U_8271957,1
U_8382918,1
U_501456,0
U_7976488,0
U_8274987,0
U_8260489,0
U_3113918,0
U_7615811,0
U_8268146,0
U_8475353,1
U_8456098,0
U_1092722,1
U_8449447,0
U_8416136,0
U_8376853,1
U_8435955,0
U_8239409,0
U_8457346,1
U_8183211,1
U_8446394,1
U_8395108,0
U_8265811,0
U_7088181,0
U_4702601,0
U_6264143,0
U_8431408,0
U_8365280,1
U_8274038,0
U_8354537,1
U_8524217,0
U_7273513,1
U_8485764,0
U_7949977,0
U_8538728,0
U_8523530,0
U_8125471,0
U_8389259,0
U_507048,1
U_8249475,1
U_8551242,0
U_1528608,0
U_8488500,1
U_7396330,0
U_7418027,0
U_7585684,1
U_8541595,0
U_8543170,0
U_8479147,0
U_7977149,0
U_8484863,1
U_8499695,0
U_8550663,0
U_8034620,0
U_8513464,1
U_8520546,0
U_8488700,1
U_8526712,1
U_8483452,0
U_8498341,1
U_8446084,0
U_11336,0
U_4490410,1
U_8443229,0
U_231823,0
U_570339,0
U_7550156,0
U_8518019,0
U_7433780,0
U_8550065,0
U_8506903,0
U_8544001,1
U_8518132,0
U_8490003,0
U_8560687,1
U_2148900,0
U_8526436,0
U_8529256,0
U_6336486,0
U_8494740,1
U_2000530,1
U_8549896,1
U_8519227,0
U_8416899,1
U_8514214,1
U_3225009,0
U_8552358,1
U_8544737,0
U_1372887,0
U_8523912,0
U_8509779,1
U_8541479,0
U_8484763,0
U_8454772,0
U_8530623,1
U_8097036,0
U_8549277,0
U_8443886,1
U_5256703,0
U_8531396,0
U_7842272,1
U_8551261,0
U_8511651,0
U_8537252,0
U_8530060,0
U_8531270,0
U_8477157,1
U_8540732,0
U_716961,0
U_8503942,0
U_3061050,0
U_8537536,0
U_8523962,0
U_8530121,1
U_8500199,1
U_8522517,1
U_566857,0
U_7139283,0
U_8521137,1
U_8485179,1
U_8501362,0
U_8037239,1
U_8522319,0
U_8537993,0
U_8520044,1
U_8511875,0
U_8505679,0
U_8510124,0
U_8401815,0
U_8529054,0
U_151185,0
U_7421699,0
U_8505837,0
U_8503308,0
U_1201127,0
U_8496097,1
U_8553416,0
U_8504022,0
U_8489578,1
U_8488951,0
U_2679425,0
U_1092713,0
U_8482843,0
U_8529223,1
U_7696279,0
U_8259746,0
U_7737406,1
U_8508794,1
U_8506158,0
U_6141713,1
U_8541503,0
U_486986,0
U_8373187,0
U_8484884,1
U_308916,1
U_6631222,1
U_8147473,1
U_8249320,0
U_8508872,0
U_8244166,0
U_8425143,0
U_4443129,0
U_7684829,1
U_8460301,1
U_8354334,1
U_8524054,1
U_8123873,0
U_8474555,0
U_8484140,0
U_1467517,1
U_8239233,0
U_3108399,0
U_8487387,0
U_8492142,0
U_8508015,0
U_8508010,0
U_8508018,0
U_6576751,1
U_1517345,0
U_8513415,1
U_8525330,0
U_7104354,1
U_757330,0
U_5309135,0
U_8523832,0
U_8510423,0
U_653986,0
U_8490113,0
U_8512186,0
U_3763479,0
U_8240049,1
U_8527084,0
U_3635603,0
U_5931030,1
U_7810780,0
U_4485914,0
U_7650815,0
U_6448031,0
U_1011365,0
U_8504499,0
U_8501683,0
U_8485879,0
U_8522103,1
U_7664234,1
U_6696659,0
U_8474442,0
U_7545625,1
U_6666244,0
U_7725447,0
U_8016231,0
U_8550218,1
U_8484635,0
U_8493728,0
U_8024087,0
U_169139,0
U_8555634,0
U_8206344,1
U_8493355,0
U_8553387,0
U_8550197,1
U_1967900,1
U_8549246,0
U_8499621,0
U_815644,1
U_8482276,1
U_7052604,1
U_8093988,0
U_8497600,0
U_8263844,0
U_8531267,1
U_8555805,0
U_8496563,1
U_8495179,0
U_8523470,0
U_8271611,0
U_8483620,1
U_8513179,0
U_7366162,0
U_435296,1
U_8544760,1
U_8491665,0
U_8476330,0
U_8514430,0
U_408735,0
U_8541866,0
U_8552826,1
U_8501319,0
U_1913900,1
U_1066654,0
U_8404924,0
U_8535883,1
U_8079092,1
U_8485746,1
U_7948549,0
U_8485837,0
U_379384,0
U_8181543,0
U_8009914,0
U_8127867,1
U_8495434,0
U_6999450,0
U_8175888,0
U_8480750,1
U_8517753,1
U_1046589,1
U_4422673,1
U_485154,0
U_8490201,1
U_2712388,0
U_8451322,0
U_7155471,0
U_8376918,0
U_8555355,1
U_7548465,0
U_7066547,0
U_8483117,0
U_2659832,0
U_8484752,0
U_8510890,1
U_242545,0
U_8459013,0
U_7798987,0
U_8475801,0
U_8498595,0
U_8527639,0
U_8486167,0
U_8485145,0
U_7968720,0
U_8495849,0
U_8174922,0
U_8497711,1
U_647685,1
U_95248,1
U_4137625,1
U_404910,0
U_8484784,0
U_6371999,0
U_8166435,1
U_8377228,0
U_8491275,0
U_8530685,0
U_8513500,0
U_6602544,1
U_8541924,0
U_8512486,1
U_6626190,0
U_4569470,0
U_8523079,1
U_8553918,0
U_8510715,0
U_8492695,1
U_7375021,0
U_8512583,1
U_7129611,0
U_8513244,0
U_8546090,0
U_2712928,0
U_8521961,1
U_8493962,1
U_662567,1
U_8506869,1
U_318011,1
U_8516420,0
U_8505407,0
U_8507799,0
U_2610410,0
U_612285,0
U_7448396,1
U_8511003,1
U_8525607,0
U_1807984,0
U_1110715,0
U_8039481,0
U_8438458,0
U_7188840,1
U_8487609,0
U_7543296,1
U_8554444,1
U_8085390,1
U_2604983,0
U_8488668,0
U_8494589,0
U_8423880,0
U_8537206,0
U_1376821,1
U_7180766,0
U_8484906,0
U_8492066,0
U_8511678,0
U_8495165,0
U_8246870,0
U_482913,0
U_7090242,0
U_7589869,0
U_8484028,0
U_8484023,1
U_8397218,1
U_8193297,0
U_7050242,1
U_8550240,0
U_7992796,1
U_8513980,1
U_8501206,0
U_8523681,0
U_5612769,1
U_8484160,0
U_5163945,0
U_6778221,0
U_8003486,1
U_7860543,1
U_8540085,0
U_8492708,0
U_1047775,0
U_8540226,1
U_7131838,1
U_8458185,1
U_7550728,1
U_8484423,0
U_2915379,0
U_72542,0
U_8511331,0
U_8177574,1
U_24426,1
U_7588579,1
U_8489042,0
U_8191507,0
U_8489985,0
U_7965084,1
U_6561020,1
U_8507311,1
U_8419608,1
U_8536770,0
U_8526833,0
U_8526830,0
U_8530780,0
U_7685000,0
U_6727674,0
U_8541698,0
U_8495309,0
U_22299,1
U_8488208,0
U_8544245,0
U_8508399,0
U_8528958,0
U_8514990,0
U_8519932,1
U_8481912,0
U_8526573,0
U_714029,1
U_8491287,0
U_8174438,0
U_7667402,0
U_8415500,0
U_8550612,0
U_8521750,0
U_8493589,0
U_8521064,0
U_6581425,1
U_8453765,0
U_400651,1
U_8507928,1
U_4350778,1
U_8371190,0
U_8445931,0
U_2486307,1
U_8526542,0
U_487424,1
U_8527928,0
U_1635485,0
U_8560405,0
U_7972691,0
U_8553273,0
U_8540378,1
U_8525812,1
U_8517528,0
U_8522164,0
U_8496639,1
U_726279,0
U_8242925,0
U_8508899,1
U_8549835,0
U_8560012,0
U_8484610,0
U_8484611,0
U_8493744,0
U_8492375,0
U_8499394,0
U_8375237,0
U_8497882,0
U_8552998,1
U_7056861,1
U_8498177,1
U_5914992,1
U_8408125,1
U_8496755,0
U_8375840,0
U_8541662,0
U_6837618,0
U_8546100,0
U_8169327,0
U_6476169,1
U_8496543,0
U_8549463,1
U_8484997,1
U_6386249,0
U_8513159,0
U_8486181,0
U_8538616,0
U_8430555,0
U_7064905,0
U_8527265,1
U_4699337,1
U_8490901,0
U_8519352,0
U_8551679,0
U_8520175,1
U_7822230,0
U_8490806,1
U_273609,0
U_65755,0
U_6985198,1
U_8486297,0
U_8492713,0
U_6353774,0
U_8511064,0
U_8500924,1
U_7953902,0
U_8494782,0
U_8520218,1
U_8487793,0
U_8539464,1
U_2943939,0
U_234725,1
U_8495418,0
U_8538839,1
U_6869364,1
U_8495537,1
U_8513804,0
U_8390080,0
U_408331,0
U_8085321,0
U_8526821,0
U_4563769,0
U_7963804,0
U_6948600,0
U_8559949,0
U_6871141,0
U_8043793,1
U_8559846,0
U_8515642,0
U_8521261,0
U_5216517,1
U_8155087,0
U_8477723,1
U_8427222,0
U_8505259,1
U_8483912,0
U_7975250,1
U_7663055,0
U_8549631,1
U_7880884,1
U_730297,0
U_8519070,0
U_1507236,0
U_6871726,1
U_8498084,1
U_8055251,0
U_8516322,0
U_8516329,1
U_8513429,0
U_8513422,1
U_8525306,0
U_8525301,0
U_8158295,0
U_8377012,0
U_8503221,1
U_7789123,1
U_558682,1
U_8517810,0
U_645301,0
U_8525105,0
U_8538951,0
U_724664,1
U_8513061,1
U_8498954,0
U_8491436,0
U_8507696,0
U_8506846,0
U_89268,0
U_8508744,1
U_8142710,1
U_8509851,0
U_8509499,1
U_8355317,1
U_8446047,1
U_7772527,0
U_8509930,0
U_8508987,0
U_7667283,0
U_8501875,1
U_8518998,0
U_8484107,0
U_17,0
U_8198524,1
U_8503234,0
U_8481384,0
U_8517731,0
U_8499388,1
U_7393925,0
U_8509016,0
U_443435,0
U_8411310,0
U_8497896,1
U_8484723,1
U_8460071,1
U_105465,0
U_7921793,0
U_8451789,0
U_8491375,1
U_8491378,0
U_8530729,1
U_196487,0
U_2821829,1
U_8529507,1
U_8474854,0
U_8503153,0
U_8492008,0
U_307736,1
U_2497091,0
U_8523865,1
U_8542654,0
U_6815942,1
U_8512718,0
U_7837408,0
U_1097406,0
U_8521806,0
U_8526631,1
U_8376344,0
U_8169852,0
U_8499451,0
U_8523927,1
U_6844960,1
U_7593690,1
U_8525184,0
U_8525181,0
U_8536016,1
U_8494376,0
U_8197954,0
U_8043286,0
U_7033054,0
U_8512359,0
U_8514522,1
U_4646221,0
U_8477380,0
U_8010069,0
U_8504428,1
U_8529373,1
U_8511114,0
U_8496876,0
U_8493478,0
U_8559520,0
U_383900,0
U_8521452,1
U_7945721,1
U_7066568,1
U_8493880,0
U_8560587,1
U_8536630,1
U_8191525,0
U_4349533,0
U_7139181,0
U_8490370,1
U_8546453,0
U_7721215,1
U_8481310,1
U_8500619,1
U_8526212,1
U_8486912,1
U_85042,0
U_217184,1
U_6853067,1
U_8442476,0
U_8486336,0
U_8486010,0
U_1013395,0
U_8497662,0
U_8520463,0
U_1009186,1
U_8458600,0
U_8508837,1
U_8539324,1
U_8546396,1
U_8401771,0
U_8494626,0
U_2832219,0
U_8460346,0
U_8524093,0
U_8484493,0
U_8397118,1
U_8554675,0
U_8435083,0
U_2980191,1
U_7283319,0
U_8538198,0
U_8498194,0
U_15981,0
U_8540097,0
U_8551161,1
U_8499012,0
U_8500466,0
U_7813201,1
U_8200175,0
U_8540284,0
U_8551024,0
U_2943649,0
U_8505718,1
U_6201837,0
U_8497017,1
U_8530872,1
U_8484443,0
U_8521898,1
U_8173510,0
U_8496212,0
U_8528315,0
U_8519098,0
U_253962,0
U_8379195,0
U_8199161,0
U_8499952,1
U_298031,0
U_8032530,1
U_8420407,0
U_8555279,0
U_8517602,0
U_8542004,1
U_8536472,0
U_7823265,1
U_8524837,1
U_4498051,0
U_8497346,1
U_3125716,0
U_687815,1
U_1904063,1
U_1013311,0
U_8496615,1
U_8523293,0
U_8500883,0
U_8488887,0
U_8411207,1
U_8410032,0
U_7840583,1
U_8489098,0
U_8489095,1
U_125557,0
U_8489976,0
U_6523823,0
U_4443039,1
U_8538113,1
U_7793268,0
U_3829791,0
U_7734,0
U_8487059,1
U_2924770,1
U_7185207,1
U_8028534,1
U_8520327,1
U_8512607,0
U_8485922,1
U_4710037,0
U_8492031,1
U_6304876,0
U_8125695,1
U_591588,1
U_8524574,1
U_2919250,0
U_8501034,0
U_8500227,0
U_6824510,1
U_8525097,1
U_8502019,0
U_8084426,0
U_3202993,0
U_8549502,1
U_8546222,1
U_8056713,0
U_8485102,0
U_8373110,0
U_5387832,0
U_8422976,1
U_792379,0
U_8509427,1
U_8508632,0
U_507033,0
U_8494821,1
U_8501889,0
U_7475598,0
U_8507522,0
U_8507527,0
U_8484244,1
U_8016271,0
U_6305204,1
U_8549826,0
U_6677414,1
U_8514394,0
U_8419155,1
U_7956498,0
U_7357669,0
U_8488628,1
U_7676330,1
U_140062,0
U_8541543,0
U_8124819,0
U_8511782,1
U_8549389,0
U_7212428,0
U_23768,1
U_2313312,0
U_1665814,1
U_8549481,1
U_8550243,1
U_8181866,0
U_4278721,0
U_8536367,0
U_5531684,0
U_8510971,0
U_126288,1
U_5307311,1
U_7722668,0
U_8544219,0
U_8364561,0
U_7003053,0
U_8538679,0
U_154109,0
U_8499560,1
U_1006680,1
U_8538087,1
U_8501598,1
U_7724759,1
U_1088405,1
U_6701429,1
U_8522369,0
U_8521664,0
U_8520072,0
U_8513698,0
U_7036337,0
U_8507464,1
U_8510757,0
U_4293372,1
U_8209966,0
U_3163439,0
U_8488762,0
U_400609,0
U_2528032,1
U_8165549,1
U_8486307,1
U_36566,1
U_8484456,0
U_5103394,0
U_8492577,0
U_308786,0
U_8495473,1
U_8541221,0
U_2718541,1
U_8484535,0
U_8519086,0
U_8519087,0
U_8445826,1
U_8516977,0
U_7127055,1
U_3234463,0
U_8506964,0
U_8559556,0
U_8517715,0
U_8528226,0
U_8504775,0
U_8383786,1
U_2302798,1
U_8553904,0
U_8419485,0
U_8493300,0
U_7672979,1
U_8560069,1
U_3005627,0
U_1029153,1
U_8548964,0
U_8527258,0
U_8522154,0
U_8453150,0
U_8519727,0
U_120350,0
U_8366047,0
U_8525646,1
U_8554702,0
U_2493018,1
U_8504820,1
U_8351717,0
U_8240185,1
U_8530541,1
U_6575840,0
U_6938902,0
U_8518519,1
U_4700570,0
U_8492699,1
U_229791,0
U_8541655,0
U_8484946,1
U_8509336,0
U_7362430,0
U_8531214,0
U_1078388,0
U_7399281,1
U_8498226,1
U_7206454,0
U_8505247,1
U_8150587,1
U_8519004,0
U_8506599,1
U_8393618,0
U_8488127,0
U_8191365,0
U_8492946,1
U_8428005,0
U_8494356,0
U_8512979,0
U_3266491,0
U_8513944,0
U_8527640,0
U_6611247,1
U_8520128,1
U_3182206,1
U_7990789,0
U_8504695,0
U_8528559,0
U_1917171,0
U_8362895,0
U_8482460,0
U_8238953,0
U_8486240,1
U_7211791,0
U_8510185,0
U_7201395,1
U_8434688,1
U_8445499,0
U_8513605,0
U_8543454,0
U_8242451,1
U_8500912,0
U_8275077,0
U_306446,1
U_8509559,0
U_8503874,0
U_8487883,1
U_473813,0
U_8456685,0
U_93741,0
U_860589,1
U_7678797,0
U_8555722,1
U_5938155,1
U_5132889,0
U_8527037,0
U_8498166,0
U_7666663,1
U_2746323,1
U_7738435,0
U_8492260,1
U_8130858,0
U_8538281,1
U_8493116,0
U_8515713,0
U_8499671,0
U_8499679,0
U_5220007,1
U_8493236,1
U_8502183,0
U_7843339,0
U_8523440,1
U_1234393,1
U_8503925,0
U_8503929,1
U_8512256,1
U_4662703,1
U_8492841,1
U_2855620,0
U_8524792,0
U_8513781,0
U_49094,0
U_8522371,0
U_8436768,1
U_3588039,0
U_310572,1
U_8537898,1
U_8507474,0
U_75161,0
U_8209974,0
U_8486657,0
U_58007,0
U_8500288,0
U_26049,1
U_8496273,1
U_8093590,0
U_8541076,1
U_8486891,1
U_510354,0
U_3182355,0
U_8528574,1
U_8549704,0
U_2002131,0
U_8500911,0
U_8537681,0
U_5827015,0
U_479350,0
U_8549807,1
U_8446318,0
U_8527129,1
U_8450142,1
U_8100538,0
U_14069,0
U_8536459,0
U_8515672,0
U_6501094,1
U_8549903,1
U_8030504,1
U_8459024,0
U_8501829,1
U_8552263,0
U_5773306,0
U_8370332,1
U_8552461,1
U_8484656,0
U_8106369,0
U_8506479,0
U_8511523,1
U_8421397,0
U_8539803,0
U_2763983,0
U_8068800,0
U_1451399,0
U_8406835,1
U_8552523,0
U_8508071,0
U_8523045,0
U_8525351,1
U_8503168,0
U_8526810,0
U_8541192,0
U_8511629,0
U_8524514,0
U_8524513,0
U_8520479,0
U_8505897,0
U_8516825,1
U_8544131,0
U_8194967,0
U_703891,1
U_8134190,0
U_8500102,1
U_8522585,0
U_8525154,1
U_8486458,1
U_799858,0
U_8494324,0
U_4695897,1
U_8516026,0
U_8500004,0
U_7996919,1
U_4670340,1
U_8527651,0
U_8513718,0
U_246753,0
U_6770246,0
U_8528734,0
U_7805197,1
U_8487990,1
U_1461650,1
U_6877732,0
U_8091793,0
U_3792980,1
U_6867001,0
U_4395262,0
U_8554189,1
U_8188798,0
U_8487677,0
U_7809131,0
U_8403427,1
U_8497786,0
U_6570327,0
U_8486927,0
U_8519896,1
U_8402356,0
U_8538291,0
U_8554094,0
U_8493203,0
U_8510835,0
U_2680525,0
U_7121589,1
U_8501053,0
U_8527451,0
U_8519784,1
U_1734716,1
U_8523729,1
U_8102325,0
U_8371030,1
U_8407532,0
U_8518185,0
U_8527068,1
U_8546242,1
U_110371,0
U_8452631,0
U_6357890,0
U_8243184,0
U_1135207,0
U_8519595,0
U_8449745,1
U_7102494,0
U_8490780,0
U_8542915,0
U_8493421,0
U_8536822,1
U_2463652,1
U_8528993,0
U_8522863,0
U_8449865,1
U_8530242,0
U_7541544,1
U_7079630,1
U_8490325,0
U_8486283,0
U_8499962,0
U_8560607,0
U_8128599,0
U_8491475,1
U_8508780,0
U_8543077,1
U_7819703,1
U_3430839,0
U_7572151,0
U_8657157,1
U_1230579,0
U_6872542,0
U_8170780,0
U_8402113,1
U_8799939,0
U_7845196,1
U_430317,0
U_8690712,1
U_6948398,0
U_8183658,0
U_8662901,0
U_8783340,0
U_8721865,1
U_4730913,0
U_8582810,0
U_8769524,1
U_8840228,0
U_8727942,0
U_8059808,0
U_8728408,0
U_8576715,0
U_8721925,1
U_8721922,0
U_8799059,0
U_8796559,0
U_8719382,0
U_8715921,0
U_8550023,0
U_8608861,1
U_51620,1
U_6510835,0
U_8825292,0
U_3007380,0
U_7666682,1
U_8424202,0
U_5249712,0
U_8770644,1
U_8848948,0
U_4390058,0
U_8849243,0
U_992289,0
U_8746134,0
U_8769768,1
U_7664269,1
U_8723177,0
U_8597185,1
U_508195,0
U_8577991,0
U_8723085,1
U_8734375,0
U_2933719,1
U_8731070,0
U_256867,0
U_8837052,0
U_2905195,0
U_8436657,0
U_8544701,1
U_8835786,0
U_8838999,0
U_8847856,1
U_4780124,0
U_8609692,1
U_8583194,1
U_58074,0
U_8767899,0
U_8634310,1
U_8569401,1
U_8591054,0
U_8561015,0
U_8450471,0
U_8560788,1
U_6849642,1
U_7194121,0
U_1113327,0
U_8571923,0
U_8662464,1
U_8725449,1
U_8852873,1
U_8847153,0
U_6732739,0
U_8133430,0
U_7920393,0
U_7199764,0
U_7931306,1
U_8629207,0
U_8655455,1
U_8677456,0
U_8114401,0
U_6777660,1
U_8811784,0
U_8264682,1
U_8609848,0
U_8443768,0
U_3827120,1
U_8717650,0
U_4817395,1
U_8700349,0
U_8728722,0
U_7016264,1
U_8585526,1
U_8803605,1
U_8675981,1
U_8566132,0
U_8575287,0
U_8716900,0
U_8633707,1
U_8852145,0
U_2620131,0
U_8580430,0
U_6593476,0
U_8459986,1
U_7370992,0
U_8695460,1
U_8691466,0
U_8655130,0
U_8690828,0
U_8264365,0
U_5458462,1
U_6286516,0
U_8691523,0
U_8691521,0
U_8777565,1
U_8701064,0
U_8701066,0
U_8716069,0
U_2790709,1
U_6158501,0
U_8727073,1
U_8660184,0
U_8811163,0
U_8810198,1
U_8569582,0
U_8824045,1
U_8576388,0
U_8663731,0
U_8719710,0
U_8656703,1
U_7969603,0
U_8597104,0
U_8726612,1
U_6743621,0
U_7018897,1
U_8589719,0
U_8561052,0
U_8801238,0
U_8631489,1
U_8551715,0
U_8662143,0
U_8707833,0
U_7947037,0
U_8656902,1
U_1585917,1
U_8773998,0
U_8174852,0
U_904895,0
U_2749235,0
U_115918,0
U_8567427,0
U_8820391,0
U_8745896,0
U_764550,0
U_8689356,1
U_8538626,0
U_8735313,1
U_8268787,0
U_4348253,1
U_8691846,0
U_8651883,0
U_5746967,1
U_8650748,0
U_8644799,0
U_8719310,1
U_7546469,0
U_7673596,1
U_8728391,0
U_445959,0
U_7722418,0
U_8834548,0
U_8848834,0
U_8382101,0
U_8646461,0
U_8628895,1
U_6909734,0
U_8675448,0
U_707235,0
U_8434337,0
U_6068018,0
U_241041,0
U_2712619,1
U_8726318,0
U_8599021,0
U_1589855,0
U_8673614,1
U_2584972,0
U_8676886,0
U_8833501,1
U_8515818,1
U_8441482,1
U_8840087,1
U_8505190,1
U_8775758,0
U_8772302,0
U_8492529,0
U_2658885,1
U_8749859,0
U_8631279,0
U_8580251,0
U_8514294,0
U_8633821,0
U_7524966,0
U_8576209,0
U_8647314,1
U_5308533,0
U_8631316,0
U_428737,0
U_8741788,0
U_8778290,0
U_8585223,0
U_7117884,0
U_8745034,0
U_8569313,0
U_8804240,0
U_1091215,0
U_6316468,0
U_8806003,0
U_8705804,0
U_7775316,0
U_8660206,0
U_8660204,1
U_8802113,1
U_6854121,1
U_1132797,1
U_8677419,0
U_8677413,1
U_7057434,1
U_8598899,0
U_8784115,0
U_8838041,0
U_115240,0
U_8580264,0
U_8169528,0
U_8363587,1
U_8598223,1
U_8578279,0
U_8824850,1
U_8766171,0
U_1536926,1
U_8564538,1
U_6415082,0
U_8420894,1
U_8446135,0
U_174147,0
U_8695125,1
U_8599272,0
U_8695831,1
U_8107539,1
U_8631814,0
U_8800261,0
U_8510641,0
U_8650134,0
U_8720062,1
U_8631931,1
U_8846695,1
U_8688462,0
U_8827573,0
U_8580179,0
U_8608874,0
U_8709794,1
U_8784236,1
U_8658423,1
U_22475,0
U_8750843,1
U_7747960,0
U_8727752,0
U_8830923,0
U_8571533,0
U_8798453,0
U_6908707,0
U_322987,0
U_8651900,0
U_5949127,1
U_8591863,0
U_8676587,0
U_8676580,0
U_8096297,0
U_8478107,0
U_8724320,0
U_8829463,0
U_7747577,1
U_8581251,0
U_8723161,0
U_8539069,1
U_8770739,1
U_8837156,1
U_8734365,0
U_8691786,0
U_8732970,0
U_7726610,0
U_2232644,0
U_8654338,0
U_8588330,0
U_8632899,0
U_8513419,0
U_8187201,1
U_53429,1
U_8795785,0
U_6824431,0
U_6642502,0
U_8353864,1
U_8423340,0
U_8597565,1
U_6865544,0
U_6173658,1
U_7474933,0
U_2233693,0
U_8205568,0
U_5877966,0
U_8717541,1
U_223296,0
U_7920281,1
U_8815565,0
U_8207670,0
U_8518126,0
U_8551702,0
U_8726470,1
U_8158793,0
U_8633415,0
U_8585315,0
U_8652119,0
U_8597265,0
U_18116,1
U_3827119,0
U_7833585,0
U_4782723,1
U_6856488,0
U_8692270,0
U_8457691,0
U_8853082,0
U_8451073,1
U_8749119,0
U_8850351,0
U_2505184,0
U_8705546,0
U_8720300,0
U_8487412,0
U_8839331,0
U_632199,1
U_8662185,0
U_8631586,0
U_8631547,0
U_8631543,1
U_8524526,1
U_8569704,0
U_8628368,1
U_8655762,0
U_8565546,0
U_8555712,1
U_8771763,1
U_8771768,1
U_8566891,0
U_8658645,0
U_8658643,0
U_7965872,1
U_291737,1
U_7846717,0
U_8730963,0
U_7579066,0
U_8425555,0
U_8538154,1
U_8647109,1
U_307529,0
U_8065322,1
U_8646818,0
U_4442200,0
U_2816831,1
U_7972091,1
U_8676500,0
U_7686695,1
U_8769887,0
U_8581974,0
U_8709510,0
U_8565848,1
U_8769381,0
U_8380450,0
U_624764,0
U_7704491,0
U_8823295,1
U_8804624,0
U_90920,0
U_8631256,1
U_8692331,0
U_7977735,0
U_7788010,0
U_8663270,0
U_8726806,1
U_8161404,0
U_8838570,1
U_7432761,1
U_240369,0
U_8378346,0
U_8695371,0
U_8586368,1
U_8645378,0
U_8404490,0
U_8565513,1
U_7014929,1
U_8575439,0
U_4688340,0
U_8203698,0
U_342695,1
U_8630612,0
U_8655828,0
U_8832176,1
U_8425251,1
U_8845378,0
U_8723360,0
U_8014765,0
U_8069096,1
U_85657,1
U_8030839,0
U_8726060,0
U_8703140,0
U_7986906,1
U_8656203,0
U_8658846,1
U_8632480,0
U_8656050,1
U_8656057,0
U_8157169,1
U_8566845,1
U_8513482,0
U_98408,1
U_8814368,1
U_7981517,0
U_8600794,0
U_8677196,0
U_8353180,1
U_8660844,1
U_8172915,0
U_8660738,1
U_8084416,0
U_8746513,0
U_8773711,1
U_8708803,1
U_8851269,0
U_577431,0
U_8659410,0
U_8571751,1
U_136995,0
U_8705340,0
U_8661244,0
U_8839572,0
U_8554826,0
U_8815598,0
U_8589420,1
U_8655392,0
U_8658548,0
U_8596794,1
U_4280666,1
U_8628521,0
U_8745004,0
U_8400394,1
U_7695789,0
U_8802396,0
U_8702451,1
U_8796561,0
U_8659611,0
U_8590542,1
U_8646973,0
U_8719196,0
U_637633,1
U_8576016,1
U_8635018,0
U_8735147,1
U_8414933,1
U_8691790,0
U_8633000,1
U_8707433,1
U_8585488,1
U_8608544,1
U_4396047,1
U_8242106,0
U_8674675,0
U_8806130,1
U_8822912,0
U_8663184,0
U_8663183,1
U_8814542,0
U_8741811,0
U_8580294,1
U_8362920,1
U_8654422,0
U_8564209,0
U_8727824,1
U_8655184,0
U_7821057,1
U_5329250,0
U_4632665,0
U_8721530,0
U_8728421,1
U_8539972,1
U_8676981,1
U_8594611,0
U_8264380,1
U_8707746,0
U_8783055,0
U_7595382,0
U_8592169,1
U_5750524,1
U_8600031,0
U_8589382,1
U_8376026,0
U_8779295,0
U_8631625,1
U_8815091,0
U_8720852,1
U_8565090,1
U_7794359,1
U_7921730,1
U_3850846,0
U_8742897,0
U_8631046,0
U_8632373,0
U_8631768,1
U_8741414,0
U_8810056,1
U_5904414,1
U_8660550,0
U_8801290,0
U_8633919,0
U_521739,0
U_4268884,0
U_8676321,0
U_507881,0
U_8655159,1
U_8646638,0
U_178839,0
U_8767876,0
U_8718835,1
U_8720715,0
U_8709288,1
U_8783413,0
U_6819266,0
U_8633323,0
U_8834767,0
U_5250323,1
U_8656749,0
U_8811379,1
U_8722229,1
U_8655310,0
U_286070,1
U_7975335,0
U_7200834,1
U_8608661,0
U_8608953,1
U_8847174,1
U_8810795,0
U_8571326,0
U_8677475,1
U_8845919,1
U_8634151,0
U_8724599,0
U_8552058,1
U_8631180,0
U_8744049,0
U_7951596,0
U_7660322,1
U_8655510,0
U_8259368,1
U_8800669,0
U_8473767,1
U_8598424,0
U_8673840,0
U_7184044,0
U_8585504,0
U_2787814,0
U_8709107,0
U_8528621,0
U_7195324,0
U_8828647,0
U_8586725,0
U_7723850,0
U_8673945,0
U_8265331,0
U_8630596,1
U_8630593,0
U_8565951,0
U_8579296,1
U_8800824,1
U_8647766,0
U_7571003,0
U_8478587,1
U_2933904,0
U_8691502,0
U_8775932,0
U_8734944,1
U_8451667,1
U_5700327,1
U_8553398,0
U_7644237,0
U_8812551,1
U_8647885,1
U_8599018,0
U_8592263,1
U_8596833,0
U_8837759,0
U_8594126,1
U_8837142,1
U_8580511,0
U_8673871,0
U_8590937,0
U_2756146,0
U_8551548,1
U_8815639,1
U_8567952,1
U_3113441,0
U_8689090,1
U_6333168,0
U_8602148,0
U_8521822,1
U_8677105,1
U_8045297,0
U_8140110,1
U_7990542,0
U_8692164,0
U_8630815,1
U_8539383,0
U_8748178,0
U_8718687,0
U_8677394,0
U_6733532,1
U_8732319,1
U_8637355,0
U_8693782,1
U_7996949,0
U_8850164,1
U_8484163,0
U_494277,0
U_7822249,0
U_2913532,0
U_8201047,0
U_372536,0
U_729128,0
U_8656140,0
U_8593740,1
U_8691163,1
U_8579627,0
U_8581505,1
U_406408,0
U_8684061,0
U_8700267,0
U_8655794,0
U_4442887,1
U_8850466,0
U_8835033,0
U_8728543,1
U_8660931,1
U_8770515,0
U_8577437,1
U_8766319,1
U_344949,1
U_7020197,1
U_4754331,0
U_8631012,0
U_6191575,0
U_8646961,1
U_8709583,0
U_8832669,1
U_8843846,0
U_8689172,0
U_8692461,1
U_8430767,1
U_8784136,1
U_412362,1
U_1133117,1
U_8487978,0
U_7697643,1
U_8770862,1
U_8663197,0
U_8538581,0
U_8538586,0
U_8768643,0
U_8650278,0
U_8579301,0
U_6366086,0
U_8695103,0
U_8426720,0
U_8631876,1
U_6232635,0
U_8634276,1
U_384725,1
U_31307,0
U_8655297,0
U_8589295,0
U_8746589,1
U_8734406,0
U_8267767,1
U_8784255,1
U_8746844,0
U_8794716,0
U_8658446,1
U_8152364,0
U_8802631,1
U_6195657,0
U_8559528,0
U_8745189,1
U_8769734,0
U_8831916,1
U_7970418,0
U_8560181,1
U_8645406,1
U_8006373,0
U_8523000,0
U_8429848,0
U_2715006,0
U_8095459,0
U_8654358,1
U_5783433,1
U_8807067,0
U_8645704,1
U_8645709,1
U_8745784,0
U_8491089,0
U_8651792,1
U_8749833,1
U_8802555,1
U_8646683,0
U_8634342,1
U_8663308,1
U_7450696,0
U_483689,0
U_8484563,1
U_8092216,0
U_8778954,0
U_7582808,0
U_8646802,0
U_8823668,0
U_8803537,1
U_8086033,1
U_8662458,1
U_8663208,0
U_8732383,1
U_8733731,1
U_8715883,0
U_8435927,1
U_8705049,0
U_8675672,0
U_8721596,0
U_7519051,1
U_8656443,0
U_8819979,1
U_8576068,1
U_8456876,1
U_8581497,0
U_2486741,0
U_7783556,0
U_8735913,0
U_8730169,0
U_2956473,0
U_8633679,1
U_5192352,1
U_7594055,0
U_1086846,0
U_8808815,1
U_1002138,0
U_8651682,0
U_8587197,1
U_8725719,0
U_7063859,0
U_8806914,1
U_1081612,0
U_8725886,0
U_8746604,0
U_95987,1
U_8649569,1
U_8673935,0
U_29362,0
U_8650331,0
U_8524447,0
U_8747972,0
U_6184750,0
U_8576769,0
U_1817139,0
U_8778378,1
U_8644773,0
U_4587031,1
U_8448965,0
U_8564756,0
U_8675145,1
U_8572328,0
U_8850941,1
U_8561901,1
U_403775,0
U_8598317,0
U_8634674,0
U_8651228,0
U_7699496,0
U_8646836,0
U_8735497,0
U_8058808,0
U_4441761,0
U_4441765,0
U_4441769,0
U_8227089,1
U_8780570,0
U_8578257,1
U_8700187,0
U_8665457,0
U_8509220,0
U_8632343,0
U_8632307,1
U_8794382,0
U_8118366,0
U_8823399,1
U_8678274,1
U_8734918,1
U_8659013,1
U_7182625,1
U_8730708,0
U_4778530,0
U_8802476,0
U_8598849,1
U_2147553,0
U_8377709,0
U_8796026,0
U_8708703,1
U_8455834,0
U_8780445,1
U_8722889,0
U_8656931,0
U_8594329,0
U_7842828,0
U_7183511,1
U_850217,0
U_8794938,0
U_8159189,0
U_8773843,0
U_8779528,0
U_8852882,0
U_4699331,1
U_8727988,0
U_8724843,0
U_8108351,1
U_8637346,0
U_8601975,0
U_8731547,0
U_8501773,0
U_8843822,1
U_8716674,0
U_8458287,1
U_2501385,0
U_8116059,0
U_8831885,1
U_8807145,0
U_8567716,0
U_8812380,0
U_8812387,0
U_4442708,1
U_7196896,1
U_8630632,0
U_3231926,1
U_8158412,0
U_8693493,0
U_8585255,1
U_8705429,0
U_8581416,0
U_2677225,0
U_8818176,0
U_8593753,0
U_8677585,1
U_8594221,0
U_8005504,1
U_8831981,0
U_2473967,0
U_8742832,0
U_7843842,0
U_8474452,0
U_8654648,1
U_8644910,0
U_8394284,1
U_8006102,0
U_7170848,0
U_8850219,0
U_8705268,0
U_6683232,0
U_8377581,0
U_8365550,1
U_731265,0
U_8632097,1
U_8138584,0
U_4442978,0
U_7043824,0
U_8019864,1
U_8429576,0
U_8806236,0
U_7138306,1
U_8592661,1
U_8608071,1
U_8744751,0
U_8767279,0
U_6406385,0
U_8725636,0
U_8804192,1
U_8657319,0
U_8658527,0
U_7995368,0
U_8580247,0
U_8633746,0
U_8571659,1
U_8832735,0
U_8632698,0
U_8562256,0
U_8702478,0
U_8655491,0
U_8674346,0
U_8590294,0
U_8020110,0
U_8746382,0
U_8646958,1
U_1054589,1
U_8748995,0
U_8777898,0
U_8646486,0
U_4362141,1
U_8734136,0
U_8734133,0
U_8769326,0
U_8782566,1
U_8746282,1
U_8709335,0
U_8598486,0
U_8853258,0
U_8659178,0
U_8092392,0
U_6476855,1
U_8563289,1
U_7062824,0
U_1044925,0
U_7659354,0
U_7278868,0
U_8633253,1
U_8565590,1
U_8746678,1
U_8611160,1
U_8477724,1
U_8599586,0
U_8720032,1
U_8798249,1
U_8732180,0
U_8030202,0
U_3032542,1
U_7205874,0
U_8543016,0
U_5215324,1
U_8585271,1
U_8580174,1
U_8580173,0
U_8722646,1
U_3218398,0
U_8718013,0
U_8718011,0
U_6983320,0
U_8720875,0
U_8720874,1
U_8632969,1
U_7478379,1
U_8660453,1
U_8581286,0
U_8802740,0
U_8571427,1
U_8740882,1
U_8568102,1
U_8631743,0
U_8722536,0
U_8588647,1
U_8423572,1
U_8778038,1
U_8421190,0
U_2656594,0
U_8560872,0
U_8568008,0
U_8692717,0
U_548694,0
U_8723440,1
U_7426641,1
U_8702895,1
U_8722218,0
U_8823018,1
U_8575817,0
U_8575812,1
U_8193965,1
U_8693922,0
U_8814246,0
U_8530207,1
U_8650144,0
U_8677218,0
U_8677214,1
U_6275053,0
U_8731279,0
U_8725837,1
U_8736000,0
U_2845982,1
U_415613,0
U_8629342,1
U_8847481,0
U_8655332,0
U_8721485,1
U_6260886,1
U_8703210,1
U_8675395,0
U_8353367,0
U_8594614,0
U_8608977,1
U_6872672,0
U_6839674,1
U_8645042,0
U_8769795,0
U_8629242,1
U_8644706,1
U_8586562,1
U_7921130,0
U_8632539,1
U_7881958,0
U_8597382,0
U_8584638,0
U_7003466,1
U_8823274,0
U_8579857,1
U_8673755,0
U_1433434,1
U_1366423,0
U_6805953,0
U_8848477,1
U_8577374,0
U_8718388,0
U_8501446,1
U_8599209,0
U_8748034,1
U_8580477,0
U_2696963,0
U_8766065,0
U_3183178,1
U_8448836,1
U_2532039,0
U_3168894,0
U_8131322,0
U_8779316,1
U_8826520,1
U_8732261,0
U_8815358,0
U_1201301,1
U_8483065,0
U_8474778,0
U_8661290,0
U_6438603,0
U_8069787,0
U_121623,0
U_8587299,0
U_8587292,1
U_8569945,0
U_427984,0
U_312962,0
U_8566384,0
U_8700191,0
U_8736394,0
U_8634153,0
U_8634156,1
U_8029410,0
U_7728773,1
U_8810032,0
U_8564163,0
U_8691724,1
U_8663654,0
U_8707796,0
U_6534824,0
U_7129990,0
U_7187953,0
U_8581304,1
U_8687722,0
U_8425786,1
U_8580894,1
U_8631442,1
U_8708714,0
U_8588226,1
U_8512714,0
U_8730418,0
U_8700827,0
U_3389549,0
U_8602124,0
U_7072531,0
U_8515633,0
U_8707380,0
U_1587851,1
U_6150542,0
U_8794923,0
U_8086595,1
U_8663982,1
U_8586957,1
U_8850602,0
U_211146,1
U_8807275,1
U_4740237,1
U_8594039,0
U_8568287,1
U_8721407,0
U_8732335,1
U_1432285,1
U_8584137,0
U_8588067,0
U_7189904,1
U_8846658,0
U_8644848,1
U_8720495,0
U_8521177,1
U_1875929,0
U_8580035,0
U_8736497,0
U_725596,0
U_6952621,0
U_8847074,0
U_5982812,0
U_8724930,0
U_8738664,0
U_8850001,1
U_8570019,0
U_8780262,1
U_7199397,0
U_8567006,0
U_8717696,0
U_754850,0
U_763534,1
U_8632374,0
U_8542964,0
U_8571146,0
U_8779653,1
U_8644907,0
U_8646432,0
U_8741227,0
U_8707297,1
U_8724049,0
U_2249965,0
U_8773784,1
U_8726275,1
U_8844375,0
U_8777620,0
U_7880407,0
U_8658619,0
U_8242203,1
U_8735151,0
U_569590,1
U_8650249,0
U_8576242,0
U_8662207,1
U_8490378,0
U_8596931,1
U_8658533,1
U_8646846,0
U_8836872,1
U_8609992,0
U_7037522,1
U_8832704,0
U_4477174,0
U_8688936,0
U_8689948,1
U_7957626,0
U_8491480,0
U_8179152,0
U_8200678,0
U_8702465,0
U_8596851,1
U_8727116,1
U_1976347,0
U_7585549,0
U_5220020,1
U_7158269,0
U_8784158,1
U_8657109,1
U_8351495,1
U_4585445,0
U_8708795,1
U_8709944,0
U_8577171,1
U_7108724,0
U_8598977,1
U_2738261,1
U_8594533,0
U_8631340,0
U_6824078,0
U_8662602,1
U_8649586,0
U_8814497,0
U_7701134,0
U_4149772,0
U_8661834,1
U_8649483,0
U_2644790,0
U_8735519,0
U_1583294,0
U_8819256,1
U_7652065,1
U_8020502,0
U_8692676,0
U_8067152,0
U_8674382,0
U_7521942,1
U_8475898,1
U_8591297,0
U_8580142,0
U_8580147,0
U_8580145,0
U_8571579,1
U_8832126,0
U_8508174,0
U_8718023,0
U_8657624,0
U_8731166,0
U_8836755,0
U_8581293,0
U_8497960,0
U_8661675,1
U_7993581,1
U_8568111,0
U_8583558,0
U_8850384,1
U_8560948,1
U_8716405,0
U_8647437,0
U_8122732,0
U_8249664,1
U_8582698,0
U_8811298,1
U_7199036,1
U_8742010,0
U_8421021,0
U_8661518,0
U_8747489,0
U_7665329,0
U_8744355,0
U_304000,0
U_8530224,0
U_8775712,1
U_8700890,0
U_590378,0
U_8832221,1
U_8724742,0
U_8724746,1
U_7829231,0
U_8778974,1
U_8779900,1
U_8794034,0
U_7951108,1
U_8812711,1
U_8705686,0
U_7700823,0
U_8650752,1
U_8655321,1
U_8721497,0
U_8654751,0
U_8753143,1
U_449229,0
U_8716302,1
U_8608960,0
U_8632604,1
U_8560670,1
U_8183268,1
U_8563017,0
U_8568510,0
U_8655427,1
U_8797847,0
U_2751350,0
U_2640873,0
U_8135598,1
U_8719146,0
U_8699936,0
U_8690619,1
U_8536476,0
U_8451872,0
U_8631150,0
U_8566967,1
U_8833148,0
U_8824987,0
U_8689570,0
U_8808212,1
U_8560838,0
U_8644894,0
U_8644897,0
U_8657180,0
U_8731646,1
U_2471852,0
U_8569170,0
U_6089854,0
U_8735936,0
U_8801409,1
U_8695970,1
U_8598418,1
U_8844779,0
U_8090446,0
U_8673879,0
U_8569152,0
U_8130193,0
U_2944682,1
U_8272787,1
U_8584522,0
U_8650471,0
U_8694766,0
U_8566149,1
U_8599230,0
U_8565247,1
U_8630546,0
U_8734768,1
U_8600247,0
U_8709631,1
U_8730863,0
U_8827647,1
U_433419,1
U_8821690,1
U_8803901,1
U_8351703,1
U_8688428,0
U_8814731,0
U_7173727,0
U_8715975,0
U_8661283,0
U_6048708,0
U_678031,0
U_8840356,1
U_8701037,0
U_8590510,0
U_8403449,0
U_8607399,0
U_8565802,0
U_8562308,1
U_8850824,0
U_8691675,0
U_8031953,1
U_8728236,1
U_8851943,0
U_8581210,0
U_8581219,0
U_8656759,1
U_8656754,0
U_6845686,1
U_8538975,1
U_5774759,0
U_1368662,1
U_7944812,0
U_8804568,0
U_8847908,1
U_7974319,0
U_8608668,0
U_8709988,0
U_8581336,1
U_8801264,1
U_8798616,0
U_8645766,0
U_8569732,0
U_8702807,1
U_6852284,1
U_8852064,0
U_8599854,0
U_8795551,0
U_3783812,1
U_8596677,1
U_6433738,0
U_8654136,0
U_8675975,1
U_8646876,0
U_8586961,1
U_8586960,1
U_8722275,0
U_8520941,0
U_8773869,1
U_8716386,0
U_8633871,1
U_8435984,0
U_8691894,1
U_8691898,1
U_8637364,0
U_8633451,0
U_454686,0
U_8598084,1
U_8814603,1
U_8095839,0
U_604928,0
U_8367004,0
U_7588243,0
U_8419231,0
U_5062908,0
U_7968077,0
U_571878,1
U_8692299,0
U_8067530,0
U_8648587,0
U_8771350,1
U_8743745,0
U_8718198,1
U_8772258,0
U_8853123,0
U_4300974,0
U_4291222,1
U_8783385,1
U_8692939,1
U_8648289,0
U_8850235,0
U_8369448,0
U_8661307,0
U_8826360,1
U_7142880,0
U_8020840,0
U_8727309,0
U_8719189,0
U_8628427,0
U_8633906,1
U_2685947,1
U_8576255,0
U_8567452,0
U_8632974,0
U_730021,0
U_8272407,1
U_8189445,0
U_6039439,1
U_8568498,0
U_8662378,0
U_8688926,0
U_7578675,0
U_8350989,1
U_8826741,1
U_8646934,0
U_8660254,0
U_8660250,1
U_8275687,1
U_8661000,0
U_8678290,0
U_8035481,1
U_8662011,0
U_8780478,0
U_4597304,0
U_6813958,0
U_8564349,0
U_8795634,0
U_8577101,1
U_7030362,1
U_8722897,0
U_8741853,0
U_8523436,0
U_8717369,0
U_6850658,1
U_8602486,0
U_8602489,0
U_7141610,0
U_2448553,0
U_8663040,0
U_737804,1
U_8706970,0
U_8135187,0
U_5320733,1
U_8853352,0
U_8576647,1
U_8661822,0
U_7427664,0
U_7156317,0
U_8584185,0
U_8676948,0
U_8771158,1
U_8849324,0
U_8769647,0
U_8837519,0
U_8633217,1
U_8482633,0
U_8580156,1
U_8563608,0
U_8489512,0
U_8607329,0
U_6512519,1
U_8826122,1
U_8569182,0
U_7793002,0
U_8184233,1
U_287182,1
U_8832056,1
U_8722200,0
U_2551066,1
U_8702993,0
U_1324,0
U_8746761,1
U_8571186,0
U_8673627,0
U_8677155,0
U_8634099,0
U_8838936,0
U_7431883,1
U_7959406,0
U_1084712,0
U_6844883,0
U_8518682,1
U_8662157,1
U_8569783,0
U_6653363,1
U_8663164,0
U_5255878,0
U_1029511,0
U_8794982,0
U_7799787,0
U_8138032,1
U_6844981,0
U_8749927,1
U_8674957,0
U_7747035,1
U_1041558,0
U_6322046,0
U_8657373,1
U_8588204,1
U_8658585,1
U_506184,0
U_8382813,0
U_8504774,0
U_8596742,0
U_8807759,0
U_8637394,0
U_8637390,0
U_8568527,0
U_8583541,1
U_8727188,1
U_5253343,0
U_8598765,0
U_8823748,0
U_8561580,1
U_8589622,1
U_8646738,0
U_8157339,1
U_1227150,0
U_8815721,0
U_6274897,0
U_730854,1
U_8783388,0
U_5306739,0
U_6839412,0
U_8673775,0
U_8767136,1
U_8561286,0
U_575753,0
U_8572536,0
U_8564242,0
U_8701202,0
U_8750114,0
U_8030415,0
U_8819701,1
U_8634339,0
U_8695804,1
U_8815251,1
U_8563322,0
U_8678107,0
U_8561381,1
U_8743755,1
U_8572217,1
U_351330,0
U_8777634,1
U_8708017,1
U_8710093,0
U_8815280,1
U_7171484,1
U_8248406,0
U_8822206,0
U_8602501,1
U_8576737,0
U_8695901,0
U_8668641,0
U_8848719,0
U_8814705,0
U_649004,0
U_1230941,1
U_1078199,0
U_6076156,0
U_8678008,0
U_8706540,1
U_4251241,0
U_8728363,0
U_7841624,0
U_8597498,0
U_8721300,0
U_8594731,1
U_8578504,1
U_8849263,1
U_8188604,0
U_8156327,0
U_8707692,0
U_521698,1
U_8608496,0
U_509145,0
U_267560,1
U_8647307,0
U_8580999,0
U_8631729,0
U_8848114,0
U_7568084,1
U_8555186,1
U_8727461,1
U_3005206,0
U_8122172,1
U_8730754,0
U_8730759,0
U_8726556,0
U_8661566,1
U_8583384,1
U_306363,0
U_8814005,0
U_8707268,1
U_8647838,0
U_8796010,1
U_8379802,0
U_8837680,0
U_275671,1
U_8518912,0
U_8693946,1
U_8693944,1
U_8716253,0
U_8586698,0
U_7433869,1
U_8498569,0
U_4517588,0
U_8568365,1
U_155644,0
U_213675,0
U_8827903,0
U_7199802,0
U_8809545,1
U_8597490,0
U_8246613,0
U_8599930,0
U_8658014,1
U_8722528,0
U_8806447,0
U_8806445,0
U_121297,0
U_6939412,1
U_8628636,0
U_281373,0
U_8608911,1
U_6378339,0
U_8840522,0
U_8157616,1
U_8833925,0
U_8802326,0
U_8629225,1
U_8609565,0
U_8655329,0
U_7577441,0
U_8715939,1
U_8707565,0
U_7676979,0
U_8718860,0
U_8691063,0
U_1108198,0
U_8658915,0
U_8662265,0
U_3189884,0
U_8656188,0
U_8707413,0
U_8590352,0
U_8821321,0
U_8564936,1
U_8579822,1
U_8700363,0
U_8673881,1
U_537257,0
U_8817013,0
U_8692583,1
U_35838,0
U_96374,1
U_8278064,0
U_3020625,0
U_20021,0
U_8651750,1
U_8577516,0
U_8851846,1
U_8695446,0
U_8728317,0
U_8560490,0
U_8824335,1
U_8769903,1
U_8746570,0
U_7806146,0
U_8709746,0
U_8634475,0
U_8600060,0
U_8567326,1
U_8692692,1
U_4264931,0
U_8646867,1
U_8580216,0
U_8737988,1
U_8571624,0
U_4441078,0
U_8825675,1
U_8585355,0
U_8585354,1
U_8451762,0
U_40043,1
U_8734817,0
U_523765,1
U_8116769,1
U_8738973,0
U_6568159,1
U_8809743,0
U_8577636,1
U_8773734,0
U_8554282,1
U_8608530,1
U_8783564,0
U_8657121,1
U_8632268,0
U_8524583,0
U_2573602,1
U_8564083,0
U_8496537,0
U_8584399,0
U_8584390,0
U_728804,1
U_8728260,0
U_8793947,0
U_8727871,1
U_8700447,1
U_8795521,0
U_8709008,1
U_8602496,1
U_8656421,1
U_8654185,0
U_8662625,0
U_1985758,1
U_8819302,1
U_8663780,1
U_8692733,0
U_8646457,0
U_6385257,1
U_8677966,0
U_8165656,0
U_8851118,1
U_354851,1
U_8720908,1
U_8575500,1
U_847021,0
U_8185754,0
U_8571559,0
U_8634682,0
U_8770636,0
U_8096863,0
U_7693995,0
U_8842077,0
U_3059947,1
U_8150007,0
U_8595551,1
U_8833819,0
U_8565133,0
U_8823388,0
U_8707154,1
U_8578474,1
U_8829996,0
U_8825338,1
U_8728783,0
U_8820945,1
U_102659,0
U_8773035,0
U_8742037,1
U_8197480,0
U_8831790,1
U_7806901,1
U_3095264,0
U_405116,0
U_454053,0
U_8710054,0
U_8775774,0
U_7829416,0
U_8373661,1
U_8813289,0
U_7838714,0
U_8741348,1
U_8264838,0
U_8583015,0
U_8852086,1
U_8850428,0
U_8701515,0
U_8794993,0
U_8699956,1
U_247529,0
U_8196227,0
U_8637280,0
U_74758,0
U_8692113,0
U_5206755,0
U_8725436,1
U_8564938,1
U_8566463,0
U_8504709,1
U_8628557,1
U_8267909,1
U_6251460,1
U_8700023,0
U_568583,0
U_8674610,0
U_8634791,0
U_8745054,0
U_8629297,0
U_8585378,0
U_8702409,1
U_7355581,1
U_7238948,1
U_7985886,1
U_5190979,0
U_8498802,0
U_8560055,1
U_8656086,0
U_4535445,0
U_8689458,1
U_8797490,0
U_8659215,1
U_8055989,1
U_8707896,1
U_129088,0
U_8174110,1
U_8175167,1
U_8701213,0
U_8693356,0
U_8845028,0
U_6519685,0
U_6311394,1
U_7975843,0
U_8644653,0
U_8734744,1
U_8572227,0
U_5173156,0
U_8728410,0
U_8822210,0
U_8766122,0
U_8766126,0
U_8661850,0
U_8576725,0
U_8645157,0
U_8658168,1
U_8779348,0
U_8564250,1
U_8644737,0
U_8733454,0
U_4442461,0
U_4442463,0
U_8705102,0
U_8239217,0
U_8694841,1
U_8849251,1
U_8645284,0
U_6534913,0
U_8266078,1
U_8720689,1
U_8731107,0
U_8728214,1
U_8723143,0
U_5805426,1
U_8594420,0
U_8654311,0
U_8731004,0
U_8700043,0
U_1875816,0
U_4948395,0
U_8801240,0
U_8602011,0
U_719553,1
U_2048703,1
U_7030508,1
U_8645741,0
U_8489249,0
U_8591121,1
U_8655068,0
U_8726297,1
U_8647493,0
U_7320964,0
U_3487578,0
U_8722337,1
U_8816890,1
U_8853250,1
U_8676099,0
U_7694842,1
U_8600889,0
U_914703,0
U_8731208,1
U_8829082,0
U_8608905,0
U_6112945,0
U_8647784,0
U_8721556,0
U_8575495,0
U_8708837,1
U_8676380,0
U_2979901,0
U_8579456,0
U_6903276,0
U_679362,0
U_8719452,1
U_8665603,1
U_8634231,0
U_7694214,0
U_7136678,0
U_8566228,0
U_8690869,0
U_8743764,1
U_8850373,0
U_696482,1
U_7071922,1
U_8631561,0
U_134799,0
U_6942912,0
U_8191327,0
U_8628437,0
U_8580828,0
U_8650379,1
U_8645826,0
U_8576474,0
U_8565337,1
U_1779939,0
U_2712120,0
U_8648364,0
U_8747577,0
U_7479136,0
U_8154701,0
U_8688485,1
U_8779396,1
U_31933,0
U_7666612,1
U_8746594,1
U_6542773,0
U_7560142,1
U_8125962,1
U_8133770,0
U_8374686,0
U_6380733,0
U_8188673,0
U_6910097,0
U_8541526,1
U_8690480,0
U_8689970,1
U_8849300,1
U_4248861,1
U_8850738,0
U_8631797,1
U_8646919,1
U_57263,1
U_8438206,0
U_8634486,1
U_8608693,0
U_187790,1
U_436982,0
U_8745741,1
U_8586223,0
U_8836040,0
U_6395646,0
U_8588275,1
U_8659135,0
U_6564869,0
U_7421945,1
U_8501058,0
U_7677706,1
U_7100453,1
U_8717874,1
U_8655124,0
U_8010101,1
U_8454291,0
U_8807891,0
U_8803932,1
U_8770147,0
U_8770140,1
U_8631982,0
U_8070010,0
U_7806652,1
U_517974,1
U_8728382,0
U_8833034,1
U_8577714,0
U_8038325,0
U_8802684,0
U_7805758,0
U_5208420,0
U_2404254,0
U_8506761,0
U_8628721,0
U_8706214,1
U_8375990,0
U_8421913,0
U_8820127,0
U_8628882,0
U_8792790,1
U_7198757,0
U_8575371,1
U_8575374,0
U_8583564,0
U_8835609,0
U_8771334,1
U_8675477,0
U_8646952,0
U_8803695,0
U_8726302,0
U_8647507,0
U_5214594,0
U_8708964,0
U_8722081,1
U_8630830,0
U_148032,0
U_241286,0
U_8746426,0
U_718737,0
U_8775744,0
U_8709172,0
U_8815456,1
U_8708822,1
U_8840618,1
U_8804924,1
U_8601207,1
U_283934,0
U_8522953,1
U_8581214,0
U_8597438,0
U_8710120,0
U_8710129,1
U_8723125,0
U_7828477,0
U_8456095,0
U_8567359,0
U_8719119,0
U_8800993,0
U_8693319,0
U_8177441,0
U_8850739,0
U_8580285,0
U_8699803,1
U_6769291,0
U_8576310,1
U_6953199,1
U_8795111,0
U_8718745,0
U_8586521,1
U_2928533,1
U_8665537,0
