author_id,gender
a2503517894,1
a2462992492,0
a2098147036,1
a2167497785,1
a2023985210,1
a2005838078,0
a2689541650,0
a1973751828,0
a2029053518,0
a2152564817,0
a2132165066,0
a2128212913,0
a2779325867,0
a2121827670,0
a1997246124,0
a2398106800,0
a2640972814,1
a2002208782,1
a2581340266,0
a2303745997,0
a1988376837,0
a2431825830,1
a2162871507,0
a263655393,1
a113607873,0
a2127339831,0
a1857761201,1
a2136082528,1
a2152176922,0
a2100324728,0
a90917981,0
a2793071670,1
a2153118160,0
a2158128598,0
a2057402344,1
a2162010601,0
a2045559396,0
a2171763143,1
a2155113023,0
a1251439936,0
a2123484986,1
a2676652392,1
a2026456028,1
a2310637432,1
a2666971940,0
a603370153,0
a2125066397,0
a2091794408,1
a2142276599,0
a2122434521,0
a1278389564,0
a2704220796,1
a2696204929,0
a2133008522,0
a2079213318,0
a2134289786,0
a2601343041,0
a2065022664,0
a2096887853,0
a237240844,1
a2619281632,0
a2195082027,0
a2154485114,0
a2168448540,0
a2128435406,0
a1941908016,1
a2501979622,0
a2719480892,0
a2112271222,1
a2528958947,0
a2134233121,0
a2491039029,0
a2674073939,0
a2102229717,1
a2110851867,0
a2132972510,0
a2111678146,0
a2232538227,0
a2776145993,0
a2505366335,1
a2691638023,0
a2001120369,0
a2123314761,0
a1941402522,0
a1278008176,1
a1982293875,0
a2508131205,0
a2132348484,0
a1260992435,1
a2227034206,0
a850908699,0
a2304910789,0
a2124189993,0
a2121257162,0
a2157582046,1
a2608835876,0
a2155810403,1
a2146554912,0
a2428428385,0
a2119925834,1
a240820708,0
a2134393620,0
a130373319,0
a159590620,0
a2011667315,0
a108977060,0
a2001420301,0
a2102429099,0
a849908952,0
a2168523976,0
a2610664851,0
a304913227,0
a140902767,0
a356228082,0
a2721493939,0
a2402468818,0
a2479944797,0
a2305301492,0
a2155925627,0
a2137326150,0
a2168743982,0
a2118201721,0
a2159472396,0
a2133345188,0
a2521672712,0
a2001359040,0
a217476589,0
a2165917828,1
a2116519607,1
a2126895050,0
a2003650310,0
a91862343,0
a1968619696,0
a2266003251,0
a2311095125,0
a2306861534,0
a1113585828,0
a2101344322,0
a292525664,0
a2047753828,0
a2113943634,0
a2070167002,0
a2083596722,0
a2117826507,0
a2149154657,1
a2109346463,1
a2134885186,0
a2517017255,0
a2250175026,0
a2237439853,0
a2649327628,0
a2210459443,0
a2003505484,0
a1964247219,0
a2096287061,0
a2119062554,0
a2303411981,0
a362793051,0
a2194641296,0
a2096091053,0
a90690466,0
a2132499636,0
a245171893,1
a1691744135,0
a2666714838,0
a2190567876,0
a2283720790,0
a2429397095,0
a2076793328,1
a2107993732,0
a1967429594,0
a2594004235,0
a215839793,0
a2736112803,0
a2100467944,0
a2775949826,0
a1767313800,1
a2138023682,0
a2168136919,0
a738094605,0
a2306095547,0
a2497157537,1
a1994122429,0
a2040419331,0
a2710808108,1
a2779217113,0
a2303437990,0
a2164671343,0
a2228138616,0
a24841185,0
a2116578203,0
a2122808819,0
a2101020846,0
a1585981875,0
a2734416416,0
a2282570874,0
a1229057822,0
a2187942432,0
a2047072712,0
a2293981250,0
a2776546524,0
a1979872949,1
a2033466280,0
a2140278331,0
a2713101445,1
a2104265259,0
a2798561258,0
a1089947631,0
a2099091510,0
a2340683261,0
a1988080645,1
a2145815968,0
a2146195747,0
a2666454113,0
a1369919044,0
a26108554,0
a27210430,0
a2165938062,0
a2894506812,0
a2894355961,0
a1014424442,0
a165615417,0
a2143326976,1
a2664011380,0
a2141172858,0
a2083987245,0
a2140940508,0
a197647246,1
a128299366,0
a2095771566,0
a1990912753,0
a2156668854,0
a2644099992,0
a2344506219,0
a2117546821,0
a2126914009,1
a286123653,0
a2137660656,0
a2134724541,0
a2162522047,0
a2227541797,0
a2096438337,0
a2153139629,0
a2698878596,0
a2108210332,0
a2334154954,0
a2184084037,0
a1998900230,0
a1788475625,0
a134523118,0
a634179310,0
a2115627516,0
a2093531430,1
a2057455714,1
a2675821039,0
a176672188,0
a2708479563,0
a2289224247,0
a1095099590,0
a140057078,0
a273425128,0
a2221257390,0
a2035790142,0
a2651682531,1
a1975946032,0
a2096698710,1
a44170712,0
a2601100818,0
a2158731516,0
a2421213464,0
a2789226822,0
a269509060,0
a2696088372,0
a1226838710,0
a2119765128,0
a2645106908,0
a2620219567,0
a2283740280,0
a2425405438,0
a2156530421,0
a2295467234,0
a100990651,0
a2894331615,0
a2526273800,0
a2311408071,0
a2637199035,0
a2437049620,1
a2696746584,1
a2159588081,0
a25605955,0
a675556096,0
a2470748226,0
a1996008567,1
a1972243421,1
a1969262224,0
a2136393315,0
a238786035,0
a2104828423,0
a345201748,0
a2166804830,0
a2095099091,0
a2080198120,0
a2032738043,1
a2718948109,0
a1883136836,0
a2230681577,0
a2031430486,0
a2084286522,0
a2293941420,0
a2103531143,0
a333034353,0
a2161440274,0
a2675653871,0
a2258727844,1
a2641327426,1
a2082592554,1
a2082144266,0
a2225704898,1
a2038722768,0
a2106792039,1
a1893736562,0
a497422635,0
a2253725708,0
a2092036622,0
a220422686,0
a2642564290,0
a2167865294,0
a2104055677,0
a2780161157,1
a2232317653,0
a2676701685,0
a2277582552,0
a2674375462,0
a2222829928,0
a2535192001,0
a2166430406,1
a2485603428,0
a2229839480,0
a2064548697,0
a2148988950,0
a1975765818,1
a2100438523,0
a945373991,1
a2108993706,0
a2072421081,1
a2020164240,0
a2238818493,1
a360112113,1
a2170960541,0
a1988741770,1
a2047503085,0
a2169960917,1
a1993712740,0
a2027550000,0
a2397969833,0
a735495358,0
a1944468933,0
a2623789330,0
a2107213876,0
a1886388312,0
a699078101,0
a2184316515,0
a2171869125,0
a2809819230,0
a2311857252,1
a1817936516,0
a2104327822,0
a2145662684,0
a146750387,0
a2033403132,0
a2185760495,0
a2673936233,1
a2590701236,0
a2155287112,0
a2777893730,0
a2064376817,0
a2130945245,0
a2574791412,0
a2261167843,0
a2640534359,0
a1993939731,0
a2025188518,1
a732109513,0
a2107702945,0
a2099437114,0
a2098840040,1
a2303880866,0
a2261367123,1
a2229985464,0
a2141129644,0
a2266125312,0
a2228160269,0
a2101610026,0
a236661652,0
a2293135041,0
a2316064791,0
a1222337266,0
a2737894303,0
a2289542319,0
a2124533525,0
a2145831560,0
a2000774865,0
a2027890328,0
a1254989700,0
a2156122524,0
a2304603128,0
a2662927510,0
a1747272225,0
a574844396,0
a2160631768,0
a2691320526,1
a1896076115,0
a2170124475,0
a2305215826,0
a2684019093,1
a2095302942,0
a2628610322,0
a2220723077,0
a2169922511,0
a1974741261,0
a2238630075,0
a2230138451,1
a2109477161,0
a2090445093,1
a2306518288,0
a1972639741,0
a2150766703,0
a2436738723,0
a2110675235,0
a2131501168,1
a2158392320,0
a150302470,1
a2764647993,0
a2114398593,0
a1980412537,0
a2656745850,0
a233889838,0
a695485773,0
a2134583074,0
a2189150496,0
a1576981941,0
a2114318499,1
a2097030689,0
a2102450877,1
a2146555322,0
a1228265868,0
a44067616,0
a369600110,0
a2137074633,0
a2170796186,0
a1223800472,0
a1949934518,0
a2027155665,0
a2517986714,0
a2131817969,0
a696126840,0
a2163477531,0
a2489884562,1
a2132622587,1
a231613701,0
a2123363778,0
a305358035,0
a2165198141,1
a1998111363,0
a2169523933,0
a2146138755,0
a2126592686,1
a2022249107,0
a2157610843,0
a2104281610,0
a2228144965,0
a2158742306,0
a2632055776,0
a2791255645,0
a2695021910,0
a677915571,0
a2708462893,1
a2618347989,0
a2666249614,0
a2098054651,0
a2089254527,0
a2164303890,0
a2154019554,0
a2123324222,0
a2115082539,0
a275586855,1
a2659226693,0
a2488005395,0
a2469832504,0
a2200653933,0
a2089766664,1
a2291705727,0
a2560595684,0
a2153455357,0
a2162512455,0
a1997665198,1
a2122755168,0
a2443967568,0
a2101585682,0
a2678826171,1
a2164615415,1
a2285474214,0
a1275334909,0
a2224904056,0
a402691554,0
a1982462162,0
a2165712131,0
a2145776332,0
a3821842,1
a1975399585,0
a2094257001,0
a1372919049,0
a2060234691,0
a737311942,0
a2124602852,0
a2634007378,0
a288365595,0
a2497379148,1
a2631658133,1
a2128247580,0
a1764448532,0
a294595378,0
a2124493348,0
a2131547583,1
a2122250353,0
a2158746453,0
a319880114,0
a2093516567,0
a699495520,0
a2113059546,0
a2686552312,0
a2000453765,0
a2251310584,0
a2010316361,1
a2641424092,0
a38077563,0
a2251311236,0
a2525720945,0
a2163929526,0
a351197510,1
a2190125403,0
a2129023193,0
a425731074,0
a2298182770,0
a2010936866,0
a564806838,1
a2691417229,0
a2245267964,0
a394646440,0
a2627358066,0
a2145880949,0
a2089011938,0
a1967865087,0
a2433534694,0
a1830905022,0
a1995232797,0
a2140978175,0
a2683937506,1
a2251382338,0
a2203645936,0
a2128536523,1
a2582231953,0
a1924801540,0
a2688058957,0
a2143951465,0
a2084136111,0
a2614207193,0
a2108271549,1
a2787273767,0
a2119753300,1
a2126337623,0
a289525440,0
a258316493,0
a2122352814,0
a2152993714,1
a155781915,0
a2143324890,0
a2175522846,0
a313529756,1
a2097686777,0
a2109621001,1
a191645236,1
a2168837340,0
a2893888,0
a2648094648,0
a2106967882,0
a2721383201,0
a2805592821,0
a2677901966,0
a180362637,0
a2662015618,0
a2736257284,0
a2105637293,0
a2670383678,0
a2253680186,0
a2104799605,0
a2119228126,0
a1979791317,0
a1984264859,0
a2148373778,1
a2568094062,0
a2102560511,0
a2199808945,0
a2280507720,1
a716715026,0
a2132348783,1
a2656977156,1
a211233220,0
a12376233,1
a2146584592,0
a2240541904,0
a2002900660,0
a67480443,0
a2304729870,0
a2657599268,0
a2032104361,1
a2679785734,0
a2463016243,0
a2805783799,0
a2780899842,1
a249569632,0
a2310496492,0
a2524762402,0
a214878226,1
a2157200871,0
a2575472768,0
a2136072232,0
a2086138872,1
a2012700889,1
a2105740350,0
a2007321468,1
a2657117262,0
a2237013446,0
a2074066684,1
a2039937633,0
a2089290244,0
a1944874776,0
a2679788920,0
a2047163468,0
a2146876913,0
a2168233850,0
a2023431847,1
a1974154379,0
a2142798649,0
a2145621937,1
a2198983026,1
a2159496315,0
a2620329052,0
a2165645552,0
a1982381393,0
a2681888351,0
a2040573880,0
a1972482682,1
a2158620538,0
a2133068152,0
a2160800796,0
a2148910894,0
a265232414,0
a2701684897,0
a2129336444,0
a2243801724,0
a2778849078,0
a2319811614,0
a2073846700,1
a1737547560,0
a388119112,0
a2227446433,0
a318333653,0
a1784647638,0
a2070709224,0
a1996745322,0
a1484506931,0
a2572030106,0
a2894488168,0
a2811080867,0
a2139086518,0
a2172089212,0
a1986950283,0
a2114198440,0
a2128286424,0
a2105625159,0
a2137736192,0
a2100980623,1
a2134649587,0
a2275526049,0
a2218400582,1
a281210348,0
a1996466583,0
a317105621,0
a2311638158,0
a1150776644,0
a2115274281,0
a2296290834,0
a2776228047,0
a513508277,0
a2161448330,0
a2310191499,0
a1923078747,1
a2684222200,0
a318423750,1
a2011418696,0
a368821547,0
a214610409,0
a2804057951,0
a2246237345,0
a736112386,0
a1921169193,0
a2130913956,0
a2419730913,0
a2607818638,0
a2223669871,0
a2806798282,0
a256360013,0
a2112890950,0
a2203975768,0
a2157592790,0
a2165347984,1
a2305199607,0
a2104817295,0
a2667846915,0
a2283831669,0
a2642630810,0
a2191576855,0
a2671998661,0
a336997814,0
a2163554752,1
a197391645,0
a2301372681,1
a2063264108,0
a2141502043,0
a2171423658,0
a2304750827,0
a2110501006,0
a324798716,0
a2099568639,0
a701755517,0
a2472069284,0
a2150389075,0
a2661304642,1
a2146331692,0
a2161466308,0
a2165175320,0
a2120810046,0
a1967667124,0
a2099585548,0
a1976068697,1
a2604101661,1
a344684931,1
a715851671,0
a2275963945,0
a2326079530,0
a2170178419,0
a2536300858,0
a2130558464,1
a2164040783,1
a2280202269,1
a143146784,0
a2894470742,0
a2022052041,0
a2106576185,0
a2248102225,0
a58344957,0
a2035040353,0
a2894207454,1
a233778557,0
a224737993,0
a2316984356,1
a2625705294,0
a137083226,0
a2300284555,0
a2053543515,0
a2161440028,1
a1266120892,0
a2123746623,0
a2777400587,0
a2798700807,0
a2077392856,0
a2617134843,0
a2023836779,1
a2142724104,0
a2348664607,0
a2073955553,0
a2161966710,1
a2143729073,0
a679846916,0
a1769275942,0
a1931663571,0
a2095776928,0
a2231871680,0
a2125745058,0
a2894308834,0
a2892719936,0
a2414262974,1
a214783148,1
a2164601541,0
a2639834283,0
a2629444457,0
a2310279816,0
a2140893539,0
a2630999881,0
a2195048431,0
a2172797452,0
a239547697,0
a2159374572,1
a1965003943,0
a2776354532,0
a2679346454,1
a2118078281,1
a2144104551,0
a2156135343,0
a2291918941,0
a2140785036,0
a2637539858,0
a1970689224,0
a1994574529,0
a2086391101,0
a1991226362,1
a2619006089,0
a2312116117,0
a1994240001,0
a1954375491,0
a2224845801,0
a332649176,0
a2633119087,0
a122205434,0
a2182932140,1
a2105511238,0
a2172270457,1
a2651848974,0
a2602597016,0
a2244136894,0
a2158756799,1
a2883949261,0
a2892515096,0
a2103588499,0
a2676406853,0
a2462409114,0
a684296984,0
a2290077475,1
a1205765909,0
a2055161766,0
a2250370833,0
a2164529715,0
a2461499561,0
a2618285502,0
a2079424089,0
a117518403,0
a2544075940,0
a2762068836,0
a2811102353,0
a2152769093,0
a2892471860,1
a2124997989,0
a2177213124,0
a2145462844,1
a2607809969,0
a2136065884,0
a1984972958,0
a2225117565,1
a2127109347,1
a2129715908,1
a2080547065,0
a2296274547,1
a2807402647,1
a2100961564,0
a2147290422,0
a672745529,0
a2698557721,0
a2309822787,0
a2104317765,0
a2341691605,0
a2249234390,0
a2222142369,1
a2442429350,0
a2108257136,0
a2104437897,0
a2666010983,0
a2892450329,0
a2117854920,0
a2741750733,0
a2296294083,0
a2109031554,0
a2141153954,0
a2893121741,0
a2116324291,0
a2279256131,1
a2283650355,0
a2699882373,0
a1970889930,0
a1904545193,1
a1963506564,0
a2306309437,0
a2271303423,0
a2172397963,0
a2297977950,0
a2285321163,0
a2087290201,1
a2477640631,1
a330581843,1
a2185068983,1
a2065696548,0
a2089131864,0
a2151570909,0
a184075056,0
a83072932,0
a2098682828,1
a2136412591,0
a2064156830,0
a2139065608,0
a77787014,0
a2119689889,1
a2245676595,1
a2304011108,0
a2318646501,0
a2159696880,0
a1206611707,1
a2021798691,0
a2105785255,0
a2308509544,0
a2235464044,1
a2028521944,0
a2097311702,0
a2109720133,0
a2160715520,0
a2098751105,0
a2583069839,0
a2080627981,0
a2339780621,0
a2134659517,0
a2049838,0
a2475704237,0
a2883988389,0
a2404115264,1
a2140582958,0
a2683528774,0
a2019029176,0
a2156272323,1
a2309367016,0
a2667749426,0
a2196314349,0
a2472797497,1
a2167984479,0
a2163181840,1
a2083757277,0
a2894300866,1
a2498073708,0
a756122464,0
a7916806,1
a2114433773,1
a2135817545,0
a2169419192,0
a1244112658,0
a2101920419,0
a2143933697,0
a2099727678,0
a664077152,0
a181788986,0
a2158488542,0
a2260238043,1
a2098057600,0
a2101985891,1
a1952041696,0
a1899350157,0
a2107469214,0
a2096060545,0
a2149914450,0
a2306554012,0
a2290134306,0
a2529750316,0
a2170028057,0
a2617551220,0
a2125484959,1
a1998102249,0
a2150130480,0
a2143483896,1
a2206811207,0
a2051241846,1
a2152858243,0
a2141769861,0
a2148757765,0
a127671183,0
a2298696728,0
a1860400675,0
a236281991,0
a2167172276,0
a2611967104,0
a2157743775,0
a2109786210,1
a798163,1
a2150790750,0
a2671671868,0
a145015526,1
a2712057900,1
a2608173659,1
a2629623418,0
a1996190010,0
a2294256556,0
a721211368,0
a2147735823,0
a1977081371,0
a2672394148,0
a2276559031,1
a2424564174,0
a2230563434,0
a2672267306,0
a2439387504,0
a2306244810,0
a1567591177,0
a2120152494,0
a188323092,1
a1814817956,0
a2063481639,0
a2706409932,1
a2311498453,0
a303637227,0
a2012185565,0
a2460871303,0
a2170598495,0
a2178080365,1
a2572284403,0
a2239926942,1
a2120891274,0
a2140301036,0
a1918559055,0
a1510200549,0
a278554428,0
a2145148279,1
a2894208757,1
a335443309,0
a2674218896,0
a2140742556,0
a2190072679,0
a2126680102,0
a2165121431,0
a11059210,0
a2617926336,0
a1418764031,0
a2294813631,0
a2102709671,0
a30095139,0
a2723189931,0
a2029694244,1
a2093587599,0
a2084635933,0
a2116875275,0
a2585884792,0
a2127683674,0
a2097734689,0
a2157722110,0
a2162427734,0
a2135095642,0
a980292943,0
a2131647568,0
a2117861229,1
a2163236697,0
a2162740804,0
a2251396636,0
a970181854,1
a2138985046,1
a2295652546,0
a1989969217,1
a2474202242,1
a1996400553,0
a2323377214,1
a351034697,0
a2227644323,0
a2230750254,0
a2315689540,0
a2694298209,0
a2157703898,0
a2088104168,1
a2070368186,0
a2310791208,1
a2106722673,0
a262950646,0
a2306401055,0
a2626582999,1
a2142479036,0
a1229146049,0
a256223733,0
a2060818872,1
a2097538086,0
a2093871940,0
a1864148164,0
a2057816297,0
a2027051129,0
a2152189701,0
a2118842476,0
a685203727,0
a2112185085,1
a2889476550,0
a197949995,0
a67249547,0
a2151018753,0
a2101211219,0
a2309867718,0
a2700953612,1
a2811087097,0
a2041995591,0
a2779581240,0
a2583165667,0
a1249716625,0
a2253452478,0
a2275182192,0
a2150234485,0
a2158570941,0
a639663078,0
a2230355992,0
a2225762218,0
a2143865818,0
a2039801083,0
a2338036062,0
a2114459458,0
a2011250649,0
a208380444,0
a2639855064,1
a2293145632,0
a2111267793,1
a1172064443,0
a1550268712,0
a1725989357,1
a2711203041,0
a2149153931,0
a2095896511,0
a2158441850,1
a2778119804,0
a134040164,0
a2280415193,1
a2223857066,0
a2710963441,0
a2127021197,0
a170620773,1
a2135795093,0
a326820196,0
a1978211033,0
a2130568417,0
a2243591905,0
a2611703289,0
a673062711,0
a337671685,0
a2721480230,0
a2085496675,1
a2138493321,0
a2096541091,0
a2676715258,0
a129750422,0
a2762744859,1
a2129343070,0
a2168499322,0
a2310118008,0
a2124413231,0
a2127173244,0
a349883525,0
a1985453626,0
a2103951309,0
a2484405104,0
a2094480891,0
a2160646005,0
a2021877992,0
a2178748542,1
a2111103537,0
a2653828415,0
a1707151884,0
a2157457850,0
a1306362270,0
a2671300642,0
a2210879162,0
a2020940369,1
a1974508010,0
a1928250908,0
a2148508967,0
a2109459484,0
a2076066329,0
a2068818113,0
a169445216,0
a2160371782,1
a2224033010,0
a335134206,0
a1551779932,1
a2149341496,0
a2651676991,1
a1873538321,0
a2053703842,0
a2124170260,1
a2152768179,0
a1152366434,0
a2424910365,0
a2303795236,1
a2234873106,0
a209695283,0
a2068389538,0
a2124749556,0
a66563207,0
a1997038375,0
a297549355,1
a1746701017,1
a2158881100,1
a2150427611,1
a1959697873,0
a102100071,0
a2640045289,0
a29980631,0
a2592535973,0
a2441040772,1
a2641167968,0
a2222171591,0
a2152080295,0
a2351922052,0
a2682730440,0
a2095254245,0
a2036034877,0
a2441730889,0
a2669739688,0
a2593759081,0
a2139651035,0
a78243962,0
a2289464261,0
a2281603500,0
a2149245865,0
a1993666971,0
a2097966160,0
a2114232370,1
a2309875414,1
a2148643881,1
a138385633,0
a2250462127,0
a2222354300,0
a311418139,0
a2692737160,1
a2025037226,0
a2154674870,1
a2273900508,0
a1992666041,0
a2100338238,0
a1870077263,1
a2311599046,1
a2664935975,1
a2239053892,0
a2104129307,0
a392474420,0
a2111361634,1
a2226969133,0
a2121637706,1
a1231678246,0
a2208460423,0
a1913129357,0
a2312627580,1
a2154169445,0
a2169717372,0
a2156702240,0
a2231041399,0
a2746179346,0
a1964376778,0
a1419676578,0
a2248456747,0
a2134013234,0
a73676719,0
a2061734660,0
a2122271048,0
a172506059,1
a191868304,0
a2639347120,0
a150481838,1
a2175752368,0
a2122365371,0
a2316985216,0
a2146769183,0
a2799219755,0
a2719027143,0
a2115281420,1
a2126665663,0
a2136429757,0
a2115385359,0
a2070921676,0
a2132650836,0
a341608689,0
a2135939557,0
a2648130903,0
a2148997595,1
a2640993773,0
a2018379657,1
a2098564095,1
a2107019284,0
a1500202045,0
a2078486566,0
a2118824941,0
a2098590023,0
a1987788474,0
a2425149985,0
a2296521134,0
a2777542672,0
a2627290768,0
a2168292668,0
a2791153150,0
a2091815359,0
a2592188597,0
a2143961104,0
a2721434222,0
a2131082813,0
a2407561233,0
a2142186768,0
a2806363175,1
a283729413,0
a162417162,0
a2127377727,0
a2303910394,0
a1481362691,0
a2121525381,0
a2149315091,0
a2162330828,0
a2232196576,0
a2110764039,0
a2135305851,0
a2192798605,0
a151281703,0
a2222658043,1
a2309506876,0
a734760348,0
a2068240882,0
a1272657643,0
a2706446124,0
a2123209195,0
a1644977465,1
a2026083342,0
a2216095205,0
a2684639701,1
a104857274,0
a2643561327,1
a130643368,0
a2215170169,1
a2066273517,0
a1977154468,1
a2133221332,0
a1971263028,0
a82283866,0
a1976785405,1
a2492138285,1
a1833031066,0
a167530315,0
a2777193185,0
a2286368853,0
a2225055902,0
a2762105197,0
a2170787808,1
a2115649788,1
a2661449100,1
a2196665166,0
a2616504056,0
a2168503323,0
a2095240088,1
a52482323,0
a2133606375,1
a2143870569,0
a2103924390,0
a2068548338,0
a2157867657,1
a2095843987,0
a2776938130,0
a737008774,1
a2007981037,0
a2278353976,1
a2000108749,0
a2702476977,0
a2145238237,0
a1988262443,0
a2606463995,0
a2105886198,1
a2042125646,0
a2501117085,0
a2016997139,1
a2780699807,0
a2406303115,0
a9517766,0
a2150077005,0
a2097066955,0
a2035691258,0
a2147878578,0
a58418612,0
a2110902728,0
a2143778659,1
a2077338896,0
a2124900482,0
a2123681105,0
a2568367239,0
a2115425397,0
a2159963456,0
a2660683924,0
a2780527936,0
a2111901679,0
a2110560966,0
a2312033102,0
a2807211020,1
a2790336259,0
a2695672982,0
a2601991876,0
a2344125319,0
a2057576585,0
a2640462779,0
a2112178922,0
a2123698423,0
a173214867,0
a2294279913,0
a2127379895,0
a2158158954,0
a2013949216,0
a222893,0
a2139650730,1
a2097769770,0
a2151325580,1
a2113956430,0
a2476923675,1
a147487770,0
a2224491480,0
a2148312124,1
a2116145364,0
a2777447494,0
a1967260281,0
a734473377,0
a2060370691,1
a2129663539,0
a2136601004,0
a2424468823,0
a2173113456,0
a2273941916,0
a2103709954,0
a2170206103,0
a89934235,0
a2047114418,0
a2806705807,0
a2424382266,0
a2465444189,0
a319304351,0
a2291370321,0
a2628905190,1
a2132798340,0
a2301968909,0
a2144399769,0
a2131587498,0
a52589378,0
a2125547504,1
a2248590170,0
a206136001,1
a2716401798,0
a702140476,0
a1147269944,0
a53579654,0
a2810649055,0
a2115789887,0
a55257919,0
a2141819945,0
a2646675978,0
a2123521345,0
a2684105014,0
a2117205193,0
a279271021,0
a2136212640,0
a33543605,0
a2185746312,0
a2651016206,0
a2135682363,0
a2577558520,0
a2112843352,0
a2781369570,1
a2110053611,0
a2079040073,0
a306802008,0
a2787522076,0
a2135247997,0
a2229050745,0
a2161417483,1
a2127489856,1
a18547954,1
a2673300769,0
a2122150120,1
a2231687733,0
a156875573,0
a2145353657,1
a2141097271,0
a134769616,0
a2157050567,0
a2108677686,0
a2223208101,0
a166247570,0
a2075735444,0
a2301862080,1
a2637864564,0
a2132927693,0
a2721156090,1
a2636601041,0
a2425451236,0
a2669503914,0
a2597279587,0
a2169338139,0
a2042780328,0
a2792286816,0
a2107487366,0
a344693850,0
a2142182795,0
a2099437028,1
a2108610541,0
a2714506947,0
a2252241722,0
a2109556250,0
a2893329654,0
a2116780376,0
a349250449,0
a310734946,0
a2537924216,1
a2152841419,1
a2227592830,0
a2100469266,0
a2780812241,0
a2681668330,0
a2480869142,0
a2308249582,1
a2128806006,0
a1998705866,0
a2124314778,0
a2142433248,1
a2465953593,0
a2168667670,0
a166780075,0
a2139455199,0
a134342808,0
a2662094487,1
a2721019308,0
a2251609912,0
a2008802352,0
a2143353724,0
a2637006144,0
a2228204264,0
a2138773504,0
a2305153757,0
a2130404924,0
a2225991654,1
a2099423684,0
a1581053495,0
a2018468825,0
a2619180916,0
a2704112158,1
a2570184316,0
a2105428320,0
a307723525,0
a140498101,0
a2111306931,1
a20381947,0
a2779274648,0
a2118517095,0
a2655588271,0
a2224753472,0
a2306941578,0
a2130610595,1
a2679344772,0
a276296440,0
a2308710804,0
a2113280975,0
a1993496444,0
a2222819638,0
a2129760627,0
a69603646,0
a2778841468,1
a2149642146,0
a2102950735,0
a2541337845,1
a2342620572,0
a2123487663,0
a2120412611,1
a2025686339,0
a2643150052,0
a1858940663,1
a2639959275,0
a2138467178,0
a2124777148,0
a2071564828,0
a1989096520,0
a2141017767,0
a2711704153,0
a2140157592,1
a2085455707,0
a2117742911,0
a2549834128,0
a1968678165,0
a2122182276,0
a2699272861,0
a2797462947,0
a2111470091,0
a2234206399,0
a2211440602,1
a2100256487,0
a2137533801,1
a2195111802,1
a2141197164,0
a1218200837,0
a2152311907,0
a974729037,0
a2656417562,0
a1966412528,0
a2791881555,0
a2295308275,1
a2247736927,1
a2140384889,0
a2116690935,0
a2241902680,0
a2097420345,0
a2580473904,1
a2310001496,0
a2026145166,0
a44289976,0
a1391255147,0
a2001295541,0
a2557978107,0
a2781005653,0
a2113271024,1
a2635927102,0
a2181181299,1
a2435650621,0
a1987241302,0
a2234887606,0
a2118068911,1
a531878810,0
a2308693840,1
a2027320085,1
a2109657695,0
a2570086694,0
a2155371945,0
a2144298920,0
a2137126894,1
a2135275180,0
a2228168342,0
a2146383343,0
a172400696,0
a260981774,0
a403999665,0
a1978701724,1
a2794008828,0
a2422635777,0
a2138860655,0
a2643285279,0
a2135491343,0
a2097650207,0
a2703868342,0
a2200618311,0
a1910897387,0
a2785296516,1
a2171136085,1
a60721547,0
a2711092476,0
a2107286628,0
a2581225402,0
a2037082519,0
a1993639548,0
a2192970134,0
a1279125115,1
a2119605707,1
a2030170971,1
a2564840202,0
a2160663097,0
a2142476784,1
a2126480547,0
a2116861371,0
a2779657601,0
a2151488898,1
a2636971054,0
a121171588,1
a2289747736,0
a2185270649,0
a2573062225,0
a2307105024,0
a141314290,0
a2311285483,0
a156604516,0
a1981886794,0
a2659504937,0
a2135728993,0
a2499857314,0
a2715514679,0
a2144601133,1
a2229436085,1
a2637841383,0
a2092290737,0
a2714975820,0
a2233707155,0
a2015634213,0
a2491264568,1
a2098436618,0
a223765300,0
a2080031344,1
a2804509974,0
a1129663990,1
a2150536169,0
a2133400326,0
a2119753379,0
a704091698,0
a203998954,0
a2177516595,0
a2315120283,0
a2272704701,0
a2406258273,0
a2687370976,0
a2630917039,0
a2806773925,0
a2292051180,0
a1847633841,0
a1974928414,0
a2097693262,0
a2104365585,0
a2678439235,0
a302577220,0
a2049206248,0
a305834406,1
a2226135823,0
a2894009871,0
a2111621443,0
a2133201272,0
a2127804820,0
a2779039694,0
a742538449,0
a2230895284,0
a2222798923,1
a2692473638,1
a1977083973,1
a2227851461,0
a278192436,1
a2717363566,1
a2480321143,0
a73310800,0
a2028117853,0
a2145656871,1
a2566401185,0
a311715859,0
a2095279874,1
a2164055299,0
a1970648833,0
a2066272887,0
a2111960484,0
a2250576701,0
a1956086128,0
a2134251575,0
a1919135125,0
a2688526106,0
a80530004,0
a2668351771,0
a2170193594,0
a2145221253,0
a2145857504,0
a2702941472,0
a2174228000,1
a172598808,0
a2224193978,0
a2229341583,1
a2010042127,0
a690249449,0
a2158000868,1
a2807628745,0
a2171587459,0
a1820638620,0
a2805616577,0
a2125159290,0
a64770994,0
a97704749,0
a2114645661,1
a2306187360,0
a2585585268,0
a1973119209,0
a2122508644,0
a2159052667,0
a2473597441,1
a2096053174,0
a2683753541,0
a2100699974,0
a2118386434,0
a2116756368,0
a2157341662,0
a2052621328,0
a2236787533,0
a1410657602,0
a2645123734,0
a2156901690,0
a2785819910,1
a2701591657,1
a2148390776,0
a2621523842,0
a2104924413,0
a2311975759,0
a2660492009,0
a2046653803,0
a2100357054,1
a2578924170,0
a149104593,1
a42496067,0
a2717250616,0
a1983813650,0
a2136680303,0
a2067662023,0
a2777266813,0
a107359601,0
a2000714168,0
a2241204989,0
a2605086468,0
a1562381855,0
a2893143652,0
a2121593309,0
a1793965813,0
a2550933165,0
a2138347527,0
a2763695995,0
a2701242056,0
a2102734245,0
a2230385711,1
a677858554,0
a347751262,0
a2163739133,0
a2098702816,0
a1966632966,0
a2124838874,0
a2124811194,0
a2777069086,0
a2690388134,0
a2086482988,0
a2152794630,0
a2139260861,0
a2252032993,0
a2225239941,0
a2629585949,0
a2609461227,0
a2106796124,0
a2153116121,0
a2001310754,0
a2421855118,0
a2175623594,0
a2302555519,0
a2117262728,0
a2195069006,0
a275327080,0
a2164473926,1
a2117317669,0
a2604450505,0
a2135866051,0
a2778482752,0
a2125525699,0
a2159870315,0
a2080311962,1
a1977571708,0
a2163902790,0
a2019845195,0
a332716562,1
a2778889808,1
a2557494136,0
a295638038,0
a2120503182,0
a2149673035,0
a2294027368,0
a98638139,0
a1984797872,0
a2120595703,0
a2262261144,0
a2097614182,0
a2620045292,0
a274891381,0
a2222143956,0
a2112810595,0
a2102355148,1
a2102775025,0
a2130611317,0
a220290567,0
a2778483796,1
a1993580219,0
a2161005799,0
a46255660,1
a2488986478,0
a2662439328,0
a2121302356,0
a2096814170,1
a273506593,1
a2482304081,0
a2164603845,0
a2119191832,0
a2131557737,0
a2523141770,0
a2150739198,0
a2020472414,0
a2147051400,1
a2137878772,0
a1223035668,0
a2098448934,0
a1958128347,0
a2239633776,0
a19633248,1
a1979583523,0
a237419955,0
a1880893704,0
a2697192618,0
a2132481569,0
a2690547455,0
a1860931330,0
a2684818154,0
a2237883256,1
a2197775253,0
a2264017253,0
a2109547421,0
a2158829505,0
a2010246433,0
a1217706965,0
a2121721308,0
a2065908996,0
a2578300593,1
a2307295833,1
a2763639907,0
a2705262446,0
a119288298,0
a2098847405,0
a21616389,0
a2061851337,0
a734377096,1
a1991618033,1
a2566630130,0
a2630373657,0
a316249516,0
a2106211688,0
a2580718499,1
a327757988,0
a2147282416,0
a2633999632,1
a2309235787,0
a722218644,0
a2296325559,1
a2171777892,0
a2118190563,0
a2637755136,0
a2313613984,0
a2710351213,1
a2100553607,0
a2215596544,0
a2198869282,0
a2491532356,0
a2086058692,0
a2096732835,0
a2158630827,0
a2019713363,0
a2226191168,0
a2671779604,0
a2048067191,1
a332400322,0
a2810445207,1
a2790030417,0
a1961842650,0
a678548578,1
a2638058052,0
a2776604019,0
a2132028416,0
a2169544959,0
a2307323100,0
a2150242581,0
a2154571594,0
a2261424965,0
a1985569948,1
a2243114470,0
a2098470061,0
a2137406547,0
a311437204,0
a2545432222,0
a2163708586,0
a2310694882,0
a2150895710,0
a2471544710,0
a2130466494,0
a2894454706,0
a2105243490,1
a2590927258,0
a2111809670,0
a2036035498,0
a2140255430,0
a2141575533,1
a2150331087,0
a2128324904,0
a2654304009,0
a2792368335,0
a2296875957,0
a2058818181,0
a2057632188,0
a2646361560,0
a1989850375,1
a2104162850,0
a2669590581,0
a2121090657,0
a203236475,0
a313216600,0
a2137013502,0
a2718411809,1
a70301992,0
a2055479074,0
a2796799426,1
a2426818122,0
a2297792247,1
a2000240052,0
a126254130,0
a2230673303,0
a2893870414,1
a2020098926,0
a2695262409,0
a2407658042,0
a2577341454,1
a2140341444,0
a2114458094,1
a321174653,0
a2663911261,0
a258333399,0
a2639775416,0
a17144103,0
a2150389794,0
a2797309720,0
a2345105475,1
a2232397101,1
a2040484645,0
a2690029711,0
a2894296947,0
a2160799176,0
a2181734664,1
a2097638213,0
a2112022268,0
a2109318576,1
a2344975480,0
a2251781635,0
a2305021764,0
a2088682983,0
a1995606883,0
a2037466936,0
a2102101334,0
a2158094253,0
a2088944921,0
a2342899639,0
a2491843800,0
a719934789,0
a674992784,1
a2712798341,0
a2152104166,0
a2421291724,1
a112551255,0
a2141856266,0
a1971062500,1
a2203702053,0
a34369697,0
a2191831223,0
a371570464,0
a2143607822,0
a2432059432,0
a2229707543,0
a2025958168,0
a294516646,0
a2414624679,0
a2229133469,1
a107785677,0
a31261168,0
a2207916209,0
a2778669909,1
a2228055140,0
a2223876457,0
a2123825055,0
a2022884359,0
a2170384769,1
a2046577858,0
a37244654,0
a2153360310,0
a2236708911,0
a2123274066,1
a2762048036,0
a229248978,0
a2145229277,0
a2137430947,0
a2713305269,0
a2138383528,0
a1968345537,1
a2467395448,0
a2133336528,0
a2310240688,0
a2610591563,1
a57747768,0
a2103122863,0
a2109966068,0
a2098926005,0
a2466172649,1
a2666822734,0
a2719345145,0
a2090162014,0
a2519138294,0
a2150452633,1
a1264356972,0
a2158711716,1
a2770496568,0
a2583296633,0
a297432538,0
a695239088,0
a2123843302,0
a2042375407,0
a2162119888,0
a2778171855,1
a196308646,0
a2231207944,0
a2055859042,0
a2430187182,0
a2149439472,0
a1525240370,0
a2117854447,0
a2147214055,0
a2305882972,0
a1985127055,0
a2070965055,0
a2116036052,0
a2072234693,0
a2340051718,1
a11102111,0
a2114078404,0
a2122391114,1
a2161429650,0
a2210250135,1
a2193810353,1
a2793366647,0
a2167180637,0
a2020765609,0
a2062009547,0
a199651374,0
a2277767755,0
a1100679721,0
a682752941,0
a1136363840,0
a2136927973,0
a2892622098,0
a2656995071,0
a2339667287,1
a2675938765,0
a1910156707,1
a2193623800,0
a2810736143,1
a2315690783,0
a2224137833,1
a2278903833,0
a2649260744,0
a2136549490,1
a2151232240,0
a2668185400,0
a2076935457,0
a2157949701,0
a2302984154,0
a2119615219,0
a2126044724,0
a251771576,0
a2110869652,1
a2167105909,0
a2008733647,0
a2099725100,0
a1409703486,0
a71704941,1
a2033328469,0
a294375193,1
a2120460824,0
a2558624650,0
a259695850,0
a2798585306,1
a2893526913,0
a2097306286,0
a2138391759,0
a2893442727,0
a2139308806,0
a2159108899,0
a1969328444,1
a2162281833,0
a2221646335,0
a2119732911,0
a2035273997,0
a2077695977,0
a2163647658,0
a2151486164,0
a2191719801,0
a2483107381,0
a1998285268,1
a2222972036,0
a158626035,0
a177590072,0
a338013428,0
a2065464292,0
a2104717575,0
a2305567807,0
a2012792887,0
a119050547,0
a2199640554,1
a1986159374,0
a2195997598,1
a229794527,1
a2221384446,0
a2651210474,0
a2077945411,0
a2109606288,0
a2239470812,0
a2239296617,0
a2700565883,0
a2097994246,0
a2162031032,0
a2021389961,0
a2304296581,1
a2699355209,0
a2305841807,1
a2710876208,0
a2093027186,0
a2502610808,1
a2057999953,0
a100860484,0
a195553551,1
a2137502878,1
a17371083,0
a743058936,1
a2151066706,0
a2699754900,1
a2167134412,0
a2106268727,0
a1907515892,0
a2806274942,0
a2709813696,0
a1896275766,0
a2102540607,0
a436887458,0
a2116325047,0
a2121378700,0
a2112634691,0
a2113259998,0
a2776632512,0
a2474335506,0
a623020482,1
a2147297385,0
a2477932312,0
a2246618435,0
a2307862186,1
a2134453497,0
a2277254560,0
a2372019969,0
a2124028641,0
a2289723929,0
a2133207907,0
a2282554069,0
a2086146085,1
a2638098950,0
a2158554229,0
a2677099523,1
a2330624454,0
a57288862,0
a2237648700,0
a193692421,0
a2478664988,0
a2130571926,0
a2016075850,0
a2318776917,1
a2148268392,0
a2110972149,0
a2096144329,0
a2126937087,0
a2291928790,0
a2149582598,1
a2681558075,1
a2154244954,0
a2128956250,0
a90462051,0
a2805139126,0
a2164587646,0
a2126154900,0
a2652647529,0
a2028602492,0
a2602233432,1
a2147209100,0
a2039876936,0
a2309964180,0
a2625539727,0
a2047149847,1
a2154574248,0
a2070355697,0
a2307515830,0
a2515904849,0
a2428464399,0
a1981173521,0
a2113857198,0
a2257654101,0
a2150679335,0
a2274660206,0
a2086508233,0
a2162338994,0
a2894035648,0
a2302479548,0
a2303247494,0
a114567545,0
a2159131343,0
a2154688392,0
a2168903744,0
a2432399883,0
a2035111836,1
a2148643341,1
a2232115164,1
a2141049587,0
a2251040796,1
a2113084173,0
a203027916,0
a2311757262,0
a2149746020,0
a2421272652,0
a240551738,0
a2892467387,1
a2170659199,1
a2145050565,0
a2275250971,0
a2128960249,0
a2138946050,0
a2024002627,1
a2533117802,0
a2141139900,0
a2681316347,0
a1972291593,0
a2517124808,0
a2086917255,0
a2103453179,0
a2431917719,0
a2177285464,0
a2150540218,0
a2147391244,0
a2070862325,0
a2331676183,0
a2114388354,0
a2330481481,0
a94049422,0
a57495579,0
a2167252790,1
a1186150813,0
a2702008285,0
a2117490995,0
a164933077,0
a2230291391,0
a341119856,0
a2032345308,1
a2109855641,0
a2137017210,0
a2228514421,0
a2229814197,1
a2620155405,0
a2682658417,0
a2161354717,0
a2793664386,0
a2307549973,1
a365821678,0
a2164155302,0
a2134079936,0
a2076706804,1
a677615474,0
a2159460278,0
a810379359,0
a2034732906,0
a2195225068,0
a2893696224,0
a2346431228,0
a2223736973,0
a2753471209,1
a117362078,0
a1984940772,0
a2780786981,0
a96415260,0
a2157076276,0
a2590123444,1
a2128176332,1
a2589753862,0
a13250842,0
a2737562417,0
a2136308466,0
a1858841557,0
a2152775392,1
a2109713877,0
a2225977378,1
a2559675886,0
a2684453606,0
a2293060477,1
a2411392028,1
a2695820633,0
a2306305617,0
a2100092577,1
a2112067655,0
a2105659415,0
a2224977285,1
a2136373646,0
a2215283594,0
a1947130947,0
a2575563204,1
a1922738813,0
a2104800353,0
a2306613063,1
a99113242,1
a2125867230,0
a2104835971,0
a2002483998,1
a2304774990,1
a2431932162,0
a2679042715,0
a2129993678,0
a2780952524,0
a2042571382,0
a2195184120,1
a2112702096,1
a2109058337,0
a2618236614,1
a2645783374,0
a273791992,0
a2010273048,1
a2155894599,0
a2162012049,1
a2098618034,1
a1964285635,0
a2341073633,0
a2015247891,1
a2252271408,0
a2090955402,0
a2608982952,0
a170007620,0
a2168296473,0
a2103509170,1
a2123231084,0
a1978690322,0
a2106619022,0
a2170700863,0
a2277168470,0
a2127496274,0
a2623983410,0
a1350837716,0
a2087112254,0
a2475745331,0
a2573950972,0
a2131252910,1
a2128006339,1
a1207417955,0
a2162700644,0
a2006285529,1
a2053388025,1
a2128393815,1
a2119878330,1
a2045932773,0
a671527850,0
a2157428172,0
a1959477005,0
a2090068654,0
a1989082650,1
a2797941730,1
a2780487747,0
a2231340712,0
a2424759311,0
a2103127500,1
a2145283039,0
a1385431002,0
a2627595780,0
a2038216534,0
a536118576,1
a2118183829,0
a2780737749,0
a2042576784,1
a2153063948,1
a2142448019,0
a2095858254,0
a2316741109,0
a2702077502,0
a307749430,0
a1986476467,1
a2672966945,1
a1987110578,0
a2152604550,0
a2158932634,0
a2280962535,0
a2134422024,0
a2549858022,0
a2132531496,1
a2083481152,0
a539587773,0
a686107167,0
a2601969657,0
a1964276192,0
a2138105752,1
a2303150402,0
a2303269373,0
a2102119894,0
a2655530119,0
a2166012953,0
a2143091779,0
a2169973436,0
a2811163483,0
a2402026574,0
a2165434267,0
a2463108207,0
a2138608898,1
a2539044627,0
a2128577421,0
a2135582107,0
a2182080890,0
a2111678102,0
a2164338303,0
a2168176072,0
a1965429411,0
a2647528830,0
a2222753485,0
a2000741701,0
a2298896485,1
a2161783827,0
a2776429918,0
a2138670769,0
a2246760597,0
a2133553666,1
a2102662993,1
a1965087924,0
a2160699567,1
a2776007961,0
a320402746,1
a2645835011,0
a1995270641,0
a1999218339,0
a202808005,1
a2028974103,0
a10460767,0
a2129983034,0
a2157277864,0
a2149813270,0
a2617375404,0
a2401499786,0
a316694267,0
a2056122262,0
a1432492132,1
a2506554697,0
a2229932815,0
a2266279181,0
a352435704,1
a2158903691,0
a2310061145,0
a2123287104,0
a2061803331,1
a1970334165,0
a2143169954,0
a2305521932,0
a2794414408,0
a2125956777,0
a2420276437,0
a2125544522,0
a2650303194,0
a2497512522,0
a2281924202,0
a2165152222,0
a21414356,0
a260911237,1
a2007250042,0
a2217777545,1
a100924317,0
a2238339724,1
a2619896016,0
a2776848147,0
a2129059283,0
a2727204822,0
a2780622278,1
a123309386,1
a2117304595,0
a2180501019,0
a2107116088,0
a2166429794,0
a2061987715,1
a2295009377,0
a2777876771,0
a2164542939,0
a40211921,1
a2166001617,0
a2123778117,0
a281056960,0
a2053495855,0
a2152131012,0
a2131293038,1
a2019721281,1
a2302554995,0
a2662011103,0
a2145807834,0
a2527738285,0
a2587762026,1
a2093732677,0
a1979243048,0
a2074964178,0
a2032660951,0
a2125434851,0
a2135217904,1
a2170883979,0
a2304039854,0
a2705636279,0
a1972850605,0
a170265580,0
a2096255779,0
a2115870741,0
a2225568200,0
a2091030758,0
a2892645819,0
a16690449,0
a1569396467,0
a2302902226,0
a2096490972,0
a1267904888,0
a2222928362,1
a2019012303,0
a256817264,0
a2892934931,0
a2702458444,0
a2502161765,1
a2075150303,0
a2099613708,0
a2082927750,0
a2095714368,1
a2267310192,1
a2283615530,1
a1972629304,0
a100110539,1
a2115611082,0
a2026673914,0
a2304495947,0
a2120985833,0
a2569576029,1
a1989507918,0
a2038679102,0
a1934644436,0
a921140007,0
a2118020308,0
a2170951142,0
a2232053597,0
a377916561,0
a2790712235,0
a2225492019,1
a247353998,0
a2137634996,0
a2893463780,0
a2231504916,0
a2076245530,0
a2228147394,0
a123077628,0
a192119684,0
a2482895799,0
a40711886,1
a2489183555,0
a2131384211,0
a2227494328,0
a192351227,0
a2015746387,1
a2646038054,0
a826397576,1
a2165617838,0
a2168747869,1
a2019138152,0
a2117040297,0
a2146437384,1
a2149492225,1
a2003419062,0
a2117281166,0
a2892617023,0
a1678409130,0
a2235456028,0
a2165846620,0
a2678400246,0
a2137555013,0
a2245268846,0
a2624710834,0
a2223333452,0
a2120200095,0
a2027431779,0
a2123673961,0
a2643094338,0
a2063114072,0
a2306918764,0
a2340639874,0
a2308459833,0
a2009270325,0
a2493797317,0
a156594293,0
a2161266051,0
a2003353098,0
a162059278,0
a2159523173,0
a2717464703,0
a2132494940,1
a2311067965,0
a2311283025,1
a2232810675,0
a1216114803,0
a2150440477,0
a2125440501,0
a1965523549,0
a2041093899,0
a2428070507,0
a2303705502,1
a2110686032,0
a2685250152,0
a2555468260,0
a2125330238,0
a2230730774,0
a2162867772,1
a2123327822,0
a1864519460,0
a2145928807,0
a2307535295,0
a2481205152,0
a2165119688,0
a2083845045,0
a1987181633,0
a118331977,0
a6258794,1
a1986054814,0
a2165780819,0
a2085710142,0
a351919550,0
a2129598186,0
a2615279273,0
a2100624012,0
a1781465799,0
a2018053148,0
a2640728415,0
a2023377516,0
a2088007559,0
a2058146465,0
a2172236629,0
a2806491493,0
a203627837,1
a2301959220,0
a284022206,0
a2039323299,0
a2328945192,0
a2128334894,1
a2167874795,0
a2143032313,0
a1921192703,0
a2044434295,0
a2692840754,1
a2667258084,0
a1980988537,0
a2619459523,0
a2096343151,0
a2580223178,1
a333024175,1
a2222009606,0
a2025426811,1
a2124898298,0
a2015724400,0
a2112984320,0
a2668518791,0
a47012279,0
a2167811012,0
a2305277957,0
a2029653825,0
a2161397473,0
a2432078283,0
a2486784749,0
a2133095158,0
a2102441529,0
a99467868,0
a2665736290,0
a2796931447,0
a2008317781,0
a173009747,0
a1599750358,0
a2118319580,0
a2618045780,0
a2097296275,0
a2779062039,1
a2286125848,0
a2789311854,0
a2164811671,1
a2257366035,0
a2719347217,1
a2018589324,0
a2112493600,0
a88305006,0
a1835498038,1
a2061577475,0
a2632315648,0
a2242762518,0
a156522191,0
a2676201241,0
a2164460727,1
a228855215,0
a1973353635,0
a2293987810,0
a2490701366,0
a2192779830,1
a1922536295,0
a2081778406,0
a2521878425,0
a2010537400,0
a2125169605,0
a2115817740,0
a1972809410,0
a2702188070,1
a2167460159,1
a2134359788,0
a1377681721,0
a2091550662,0
a2278378910,1
a2045251950,0
a2162627833,0
a2804317612,0
a2685925067,1
a2496441443,0
a2147340292,0
a2045991383,0
a2230270372,1
a2140097381,1
a2161846278,0
a2792214993,1
a2081704014,0
a2291468366,0
a2134267897,0
a2139058963,0
a2798337626,0
a2114032439,0
a2423075020,0
a2441959634,0
a2061123877,0
a2718715843,0
a2693995032,0
a2139603133,0
a2247548115,1
a2396864932,0
a2609429555,1
a2110579051,0
a2131320315,0
a2583096833,0
a56114412,1
a2298810520,0
a342636722,0
a2528454405,0
a2147392410,0
a2102671565,1
a2156667208,0
a2018050652,0
a232548912,0
a2141644349,0
a183130702,0
a2431137297,1
a2422100661,1
a2781013714,0
a2155690953,0
a18067265,1
a240602615,0
a2231208433,0
a2567041676,0
a2429941762,0
a2605633800,0
a2024087872,0
a2133916587,0
a2142176234,0
a2263546791,0
a100648250,0
a2306940198,0
a2156922098,0
a1991730515,1
a1732287367,0
a2043320297,0
a2797952270,0
a2292843759,1
a59412956,1
a2170645087,0
a2137802269,0
a1995827453,0
a2110158445,0
a34701889,0
a2021882436,0
a2009702304,0
a2607637236,0
a322076045,0
a2006784924,0
a2108622997,0
a2672410728,0
a2098682322,0
a1967627084,0
a2077679371,0
a2643914061,0
a2223724845,0
a2096728398,1
a2640640241,0
a2895129708,1
a2199255697,0
a2117431730,0
a1858435594,0
a1915993033,0
a210095896,0
a349267795,0
a2069172874,0
a2154387282,0
a2163196128,0
a1969941239,0
a2169174263,1
a2154796695,0
a64518195,0
a223387194,0
a2113473341,0
a2117117435,1
a2668750130,1
a325497099,0
a2239241780,0
a2807211175,0
a2100293371,0
a2516606477,0
a2667872172,1
a1988964948,0
a2461963590,0
a2119237514,0
a2117421193,0
a2464084278,0
a2108872182,1
a2096022707,0
a2222719672,0
a2699019699,1
a2278609884,0
a2115406307,0
a2105995467,0
a254200932,0
a2280267869,0
a676500258,1
a2157265451,0
a2466958512,0
a528588921,0
a2071027121,0
a130718764,0
a2149625712,0
a211647168,1
a2170869235,0
a2309950950,0
a2589577,1
a733374064,1
a2101109093,1
a200364188,0
a2142973983,0
a2211146407,1
a2139812440,0
a2295851038,1
a2311770367,1
a2021633858,0
a2117483571,1
a5618427,0
a2222359315,1
a2137471079,0
a2123416858,0
a1997756302,0
a2088014474,1
a2426384081,0
a1572991542,0
a2040879353,0
a2138516832,0
a2018313466,0
a1988591092,0
a2131134015,0
a2169603450,1
a2128023902,0
a2651863838,0
a2231589537,1
a202049940,0
a2425003758,1
a2414564264,0
a2294779314,0
a2654268968,0
a2421703272,0
a2052468192,0
a2227496251,0
a213434284,0
a2107069128,0
a343755398,0
a1786981052,0
a586699529,0
a2168659623,0
a2146601931,0
a268511090,0
a2131539564,1
a2082255270,0
a2104762883,0
a1441665975,0
a2150088936,0
a279890580,1
a2153852603,0
a2133747989,0
a2614410804,1
a1982863712,0
a2008968220,0
a250698822,0
a2609816937,0
a2048617619,0
a2312248104,0
a2647157514,0
a737530329,0
a1923006111,0
a2439275045,1
a2131919191,0
a2079447303,0
a2116279603,1
a1976045200,0
a750472553,0
a2175692179,0
a709949921,0
a9723467,1
a2578423803,0
a2123777986,0
a2512441993,0
a2128047336,0
a2126990796,0
a2171064779,0
a2645307360,0
a2144596516,0
a2898314950,0
a2041125935,1
a2397650057,0
a2033503044,1
a2098329421,0
a1367500519,0
a2131465174,0
a2117667054,1
a2109891175,0
a2860758814,0
a2108469376,0
a253126946,0
a2104356273,0
a2122690442,0
a435837623,0
a2114510684,0
a1892622091,0
a2793201255,1
a194810792,0
a2126902067,0
a2288299542,0
a2102627823,1
a2123875642,0
a2644731667,0
a2070575593,1
a1976511566,0
a1995628136,0
a2058607585,0
a2100435683,0
a2798120714,0
a2132822420,1
a2163026013,0
a2892657656,0
a73525213,1
a2023017315,0
a1520516071,0
a2008908578,0
a2165575916,1
a2147235967,1
a2777660291,0
a2295028692,1
a2066781429,0
a2092425175,1
a2034630422,0
a2657428011,0
a2129135675,1
a2222079725,1
a2077569214,0
a692041813,0
a2122007671,0
a269041426,0
a2426051778,1
a2040281177,0
a2146540756,0
a2809861275,0
a2436161620,0
a2747216766,0
a2023575604,0
a2158378096,0
a2110197654,1
a54384343,0
a2404678896,0
a2117613410,0
a2132538679,0
a2127527715,0
a2893163993,0
a2311404986,0
a2269783025,0
a1989473477,0
a2165737930,0
a2307725611,0
a2294241506,0
a2777769250,0
a2066668350,0
a2577773531,0
a2138845760,0
a279923867,0
a2193615068,0
a2047752476,0
a2303967954,0
a2161219483,0
a650598192,0
a2097049275,0
a2617979223,0
a2147799357,0
a2169305403,0
a2807703569,0
a2143713155,1
a2017437423,1
a2616194147,0
a119156578,1
a2286237009,1
a2648246798,1
a1917779154,1
a2310044572,0
a2029447200,0
a2312006013,0
a24742324,0
a2294106506,0
a2100444261,0
a2552302966,0
a2306077690,0
a2194483685,0
a2170457501,0
a2151014374,0
a2096364092,1
a2229667084,0
a2641202732,0
a2034629767,0
a2578616319,0
a2142191961,0
a2118481705,0
a2062787554,0
a2138306043,0
a2111159692,0
a2126732050,0
a2440475882,1
a2280920807,0
a2690358303,0
a2343655027,1
a2155209623,1
a2112777528,1
a258494835,0
a2119964904,0
a2166799549,0
a2159408573,0
a2039740737,0
a2567785104,0
a2157821589,0
a1145441710,0
a2023254819,0
a2169755381,0
a2131034304,0
a176830254,0
a2658763122,0
a2252796413,0
a2152766206,0
a2091743652,0
a2328075328,0
a2096763843,0
a2088213256,1
a1923488504,0
a2027183093,0
a2123992650,0
a2072292845,0
a8446784,0
a2148123616,0
a1115434625,0
a2467538725,0
a2297621498,0
a2250270171,0
a2311255240,0
a2719677002,0
a2158257452,0
a2140123976,1
a2617978985,0
a290249703,0
a502725191,0
a2142319363,1
a2152571782,1
a2777646908,0
a2148409606,1
a401833296,0
a330615815,1
a2112473960,0
a2308328903,0
a2025870623,1
a2009105201,0
a1489662489,0
a2119776591,0
a2616092444,1
a2160863232,0
a1999011691,0
a2224871739,0
a2617117126,0
a222333427,1
a2125804493,0
a2039789442,0
a2807220709,0
a2644498137,0
a2555403002,0
a2893954933,0
a2330887231,0
a2433877603,1
a226873380,0
a2662579160,0
a2170347302,0
a2158578835,0
a2158742305,0
a2010097212,1
a2123871395,1
a177655233,0
a2082432826,0
a2111247032,0
a1891675207,1
a2303834330,0
a2146211224,0
a1967907825,0
a2304487933,1
a293838717,0
a2122946388,0
a2098136913,0
a2305750444,0
a2152948077,0
a251023228,0
a2145207705,0
a2256604731,0
a2172053298,0
a2130450538,0
a1985207418,0
a2155114978,0
a2141372161,0
a2116887728,0
a2603839813,0
a2128649641,0
a2778577709,0
a2721372592,1
a2127501897,0
a2119616764,1
a176998450,0
a2017904823,0
a2778263211,1
a2637435627,0
a2425090308,0
a2162925022,0
a2306871849,0
a2519911339,0
a1969171325,0
a2290556930,1
a2046059875,0
a2137409479,0
a2214687144,0
a2156503788,0
a2028397797,0
a2153530520,0
a2227201424,0
a2128532143,1
a2303706689,0
a2139725918,1
a2158429353,0
a103180575,0
a2165222361,0
a2762777672,1
a1896372592,1
a2129594172,0
a2893029817,0
a2242263115,0
a2240405993,0
a2790187730,0
a2047740876,0
a2155445851,0
a2582125862,1
a2255277697,0
a59515128,0
a2339521334,0
a2163370710,1
a2243860181,0
a314690538,0
a2306334881,0
a2688974874,0
a1273370749,0
a2136613139,0
a1948338481,0
a2291538094,0
a2104865638,0
a2158511179,0
a2116808351,0
a2200425846,0
a2128565744,0
a2148100823,0
a1991808135,1
a2146812112,1
a939387116,0
a2564738256,0
a2118785635,0
a16944681,1
a2285094629,0
a2061625563,0
a2645984069,0
a2621157789,0
a2235079717,1
a1213743296,0
a2775917822,0
a1089258844,0
a1997938366,0
a1073530958,0
a2305706855,1
a2207808857,0
a2764380741,0
a2137133237,1
a91410043,0
a232791897,0
a2159776741,0
a2018682516,0
a2245547659,1
a2674430930,0
a2018222631,0
a2226692520,0
a724975704,0
a2710371679,0
a262383800,1
a2159930437,0
a2150183633,0
a1980395806,1
a2028188512,0
a2777503739,0
a2620014270,0
a2512786853,0
a2228371079,0
a2166693565,0
a2778102703,0
a2007437749,0
a2596377486,1
a2044137649,0
a2562172152,0
a2104818967,0
a2227231847,0
a432174343,0
a2304854429,0
a2780417574,0
a2776781240,0
a2158012360,0
a2168917720,0
a2559684749,0
a2311600475,0
a2444589858,1
a189137728,0
a2735173690,1
a2188853992,0
a2304140494,0
a2123242481,1
a1975802069,1
a2780871119,1
a1964963541,0
a2230925403,0
a2803257702,0
a2777339002,0
a2249085170,0
a2310451504,0
a2287284330,0
a2073888009,0
a2150257347,0
a2276873831,1
a2158696998,1
a2100397245,0
a2236378493,0
a2125814586,0
a2671558174,0
a743486302,0
a2110062735,0
a2128739099,0
a2344455606,0
a2166803213,0
a2723335329,0
a2307586855,0
a2641870127,0
a2674057557,0
a2102737715,1
a2659607700,1
a2120738522,0
a292163515,0
a2543553553,0
a2277262154,0
a2009113375,0
a115479936,0
a2141813676,0
a2311469272,1
a329544955,0
a2151405738,0
a2419884569,0
a2618356905,0
a2699200119,0
a2496334203,0
a2147677902,0
a2155088079,0
a2438699337,0
a1211284406,0
a2154982890,0
a250131779,0
a2099219664,0
a110647660,0
a2772808438,1
a2009495402,0
a335360864,0
a2689444052,0
a2301367666,0
a2022835123,1
a2100904463,0
a2150497105,0
a280681230,0
a2344197989,0
a2476278601,0
a2618900430,1
a1980438029,0
a2044569235,1
a2237262181,0
a47842845,0
a2063737772,0
a2233450724,0
a1444602532,0
a2222068631,0
a2046234312,0
a2671313208,1
a2276725173,1
a2120443347,0
a1974816473,0
a717547165,0
a2152316157,0
a2635071740,0
a2231615932,0
a175699300,1
a2526744523,0
a2396529154,0
a2115956499,0
a2101769542,0
a2570284418,0
a2310691347,0
a2153319618,0
a2126191483,0
a2598796182,0
a1182558981,0
a1567537548,0
a2106416586,0
a2100673337,0
a2087438705,0
a2132217740,1
a2303459526,0
a2884122345,0
a2158286785,0
a1998852580,0
a2228926869,0
a560881892,1
a2120593778,0
a1934904246,0
a2781009378,0
a2192642053,0
a336022161,0
a2806543467,0
a2147539308,0
a2121236236,0
a2099752517,0
a1863463115,0
a323026139,0
a2113555438,0
a37938808,0
a2132640881,0
a1285414996,0
a2223562688,1
a2217470429,0
a2081189480,0
a2176652147,0
a1974610499,1
a1548171544,0
a2165252336,0
a2761849908,0
a2414091202,1
a152493642,1
a2129454193,0
a2131299066,0
a2075598693,1
a2700761115,0
a1151101016,0
a2031733606,1
a1992570377,0
a136769063,1
a2102863040,0
a1992071743,0
a2076045280,0
a2096749051,0
a2123131494,0
a2627913781,0
a2278294079,0
a2722166343,1
a2123127453,1
a2127252107,0
a2153816356,0
a2780154374,0
a2308838878,0
a2660407325,0
a2170120608,0
a2161015088,0
a2097879502,0
a2121148923,0
a2111004578,0
a2230906944,0
a309527698,0
a2112952301,0
a2099189041,0
a2810532444,0
a2123214752,0
a2103796962,0
a2100751086,0
a2101137802,0
a1208114522,0
a2151403046,0
a2106497157,0
a2777996603,0
a36886011,0
a2138044776,0
a2108315972,0
a349075373,0
a2892520257,1
a2305038283,0
a2089795606,0
a395541463,0
a2305299636,0
a2311601423,0
a295814537,0
a2222638176,0
a2246527134,0
a2713582002,0
a2483208511,0
a2057138063,0
a2685008144,0
a2099427892,0
a2230029483,0
a2166781290,0
a2239188769,0
a1988635285,0
a2165713599,1
a2163909284,0
a240228327,0
a2158796699,1
a2137367110,0
a2444019178,0
a2303897886,0
a2135993766,0
a2557836567,0
a2344777615,1
a2060632336,0
a1995165568,0
a2098228255,0
a2103937732,0
a2049912029,0
a2779721593,0
a2222137263,1
a2763330360,0
a45678088,0
a2705879205,0
a954387792,0
a2723806372,0
a1980446767,0
a2128477558,1
a2776325955,1
a2096207090,0
a2154764302,1
a2126331285,0
a1969940621,1
a2146440154,0
a909227313,0
a2113126795,0
a713704318,0
a2155888323,0
a2128535409,0
a2104838271,0
a2158850250,0
a2894490593,0
a2137842441,0
a2102128069,0
a2016288545,0
a2309610991,0
a2002166654,0
a2131502281,1
a2585410614,0
a2895239565,0
a1982738670,0
a137576276,1
a2526318211,0
a1971151415,0
a2018978826,0
a2144142685,1
a2439468058,0
a2123499781,1
a2150631181,0
a2330285002,0
a2081047619,0
a2201429319,0
a2086393978,0
a2308559263,1
a2124520320,0
a2645697123,0
a2125776506,0
a2083129847,0
a2131981398,1
a2284277733,1
a1979308116,1
a2130510374,0
a2123134826,0
a2006188770,0
a2252453783,1
a2075021679,0
a2146413284,1
a2243895322,0
a2591146988,1
a2102819728,0
a1988545203,0
a2113530823,0
a2896459061,1
a80360316,0
a2686430438,1
a2284116839,0
a2690044403,0
a2170366929,0
a2310372355,0
a139710438,0
a281476361,0
a2619282314,0
a1967192270,0
a2122497617,0
a2668473687,1
a2164298414,0
a2052936527,0
a2300598665,1
a2149149775,0
a1449758934,0
a2429383319,0
a2167978550,0
a272765103,0
a2138750898,1
a2711315190,0
a1955040802,0
a2160229080,0
a2010554420,0
a33287012,0
a2389723814,0
a2162334636,1
a2141285080,0
a2423745257,0
a265550956,0
a2112878203,0
a2466730297,0
a2149432431,0
a2892540637,0
a2030501650,0
a311375655,0
a2166036605,0
a1892818799,0
a315715382,0
a1977358433,1
a2485292246,1
a2076361465,0
a2124612568,1
a1975499546,1
a2121939561,0
a2758767901,0
a2032707861,0
a1983982202,0
a2105061512,0
a2692012840,0
a2142985605,0
a78114061,0
a2100669608,0
a302487080,0
a677890601,0
a2192802387,0
a2130754085,0
a2146810117,0
a2207625500,0
a1989929707,0
a347085010,0
a1891115510,0
a2106796750,0
a2055246455,0
a220758600,0
a1999815964,0
a2109622093,0
a2133793219,0
a2642187682,0
a2155450386,0
a1022046990,0
a2189524569,0
a2258931146,0
a336927581,0
a2314522249,0
a2640450007,1
a681198521,1
a116990960,0
a2168344630,0
a2307986493,0
a231058085,1
a2400212558,0
a1976412798,0
a271590092,1
a1967281559,0
a1933211966,0
a2223504755,1
a2111344060,0
a2101152111,0
a2121111018,0
a459407876,0
a2557667240,1
a2173849879,0
a1217769045,0
a1210402752,0
a2295915320,0
a2009299615,0
a1984456616,1
a2091371380,1
a2422367616,0
a2041448462,0
a2104889062,0
a2398882151,0
a2294784631,0
a2591515730,1
a2308494981,1
a542769824,1
a2168114394,1
a319689334,0
a2308835448,0
a2196778472,0
a2109624860,0
a1530320959,0
a1982975784,0
a2141500565,0
a2807096734,0
a2436332246,0
a612013498,0
a2159446685,0
a2631558725,1
a2485704033,0
a2038619550,1
a300074472,0
a2229381935,0
a3256131,0
a2777679576,0
a2079334450,1
a2584971529,0
a2719640664,1
a2032555219,0
a2186177736,0
a2343485482,0
a2321913377,0
a2267106725,0
a1991372327,1
a2167852525,0
a2629984275,0
a2280207616,0
a2292843373,0
a18094921,0
a2304498852,0
a2146461601,1
a2645065487,0
a2076709237,0
a1874864218,1
a2107442319,1
a218538652,0
a2092807901,0
a53516667,1
a2807227221,0
a1977867462,1
a2709854535,0
a2311224122,1
a2117114528,0
a2150989112,0
a2590483556,0
a1210970422,0
a2793300811,0
a2161007831,1
a2152854015,0
a2110705915,0
a2050857993,0
a2087296972,0
a431907532,1
a2105826041,0
a2013147527,0
a1974615881,0
a50097054,0
a2133860127,0
a2628636364,0
a2779482321,0
a2148450433,0
a2227105917,0
a2200655569,1
a2759370907,1
a2151619241,1
a2627046014,0
a2482616153,0
a2656416897,1
a2099180977,0
a2192670361,1
a2771826094,1
a2031541537,0
a2678216000,0
a2046895292,0
a2141384499,0
a2136833878,0
a2156988580,0
a2170484661,0
a2125570268,1
a2497247428,0
a2469687372,0
a2125565244,0
a2155925739,0
a2666984033,1
a2616900583,0
a2138312864,0
a267187831,0
a74820909,0
a1214756773,0
a2241661632,0
a2152751312,0
a2034638176,0
a2700610372,0
a2431093152,0
a2777356711,0
a2138890247,0
a2306845509,0
a2057051033,1
a2124989948,0
a2142457984,0
a2060104901,0
a2669809115,1
a2152691701,0
a2434113898,0
a2113836986,0
a2126706684,0
a2157970401,0
a1991911495,0
a1971530415,0
a2303257373,1
a2119346410,0
a2166985210,0
a2136783969,0
a313600265,1
a2094020829,0
a2077539641,0
a2155576873,0
a2641869696,0
a2212217943,1
a2303900921,0
a2107236200,1
a2057794227,0
a193734592,1
a2644737422,1
a2897952173,0
a2634659968,0
a1990872298,0
a1240669206,0
a2892725419,0
a2278225221,0
a2287917430,0
a2010142017,0
a2058554348,0
a2068921369,0
a7769909,0
a2444178583,0
a334769912,0
a1912011224,0
a85581826,0
a2008601295,0
a2471982065,0
a2680295509,0
a2147835144,0
a2101648405,0
a2608596564,0
a2105451568,0
a2780941970,0
a2029138453,0
a205954007,1
a281431722,0
a2188856032,1
a2121418678,0
a2122268670,0
a112268058,0
a2338593030,1
a2434044355,0
a2778593851,0
a128788107,1
a1919829265,0
a2118818107,0
a2024546921,1
a2147464095,1
a2039497280,0
a2150348053,0
a2102463429,1
a2097289406,1
a2002123578,0
a2045202252,0
a2264305832,0
a2142129985,1
a2115267068,0
a1983463915,0
a2067310260,0
a2609907220,0
a2169618082,0
a2249925385,0
a2066523793,1
a2648200090,0
a2114505653,0
a2108908667,0
a2575217153,0
a164430187,1
a2631348176,0
a2127391507,0
a2652518449,1
a477910810,0
a2092672596,0
a2154779629,0
a1994828250,1
a2653230632,0
a595631857,0
a2227091269,0
a2098202263,0
a2713187269,0
a2044182321,0
a2304946011,1
a2126045896,0
a2227156402,1
a2127889770,0
a2761330671,1
a2288278917,0
a2305755055,0
a2308748716,1
a2653279245,0
a2131566821,0
a2776550597,0
a2142070512,1
a2117427889,0
a2487284015,0
a2486805141,0
a2567737653,0
a2109395040,1
a2096583854,0
a2231543093,1
a145164693,0
a2202415363,1
a2124827339,0
a2093530355,0
a219814910,0
a2093541325,0
a2105642614,0
a2548722661,0
a2015929307,0
a2562114877,1
a2111293301,0
a2102227458,0
a1851316884,0
a1974315999,0
a2679848885,0
a2704969438,0
a2614248117,0
a2251835087,0
a2103603267,0
a2134066420,0
a2811070084,0
a2311359806,0
a2167348148,1
a2121029372,1
a2486825643,0
a2225484067,0
a2076154759,0
a2261297707,0
a870525885,0
a2156412118,0
a392239259,0
a2005448271,0
a261892410,0
a290692522,0
a2434449496,1
a2234654910,0
a2101271818,0
a2193845714,0
a2892651619,0
a2030977514,0
a2117599971,0
a2709133080,0
a1896392369,0
a2103578975,0
a2422214769,1
a1973326217,0
a2125827104,0
a2338086161,0
a2143609536,0
a195975349,1
a2632702405,0
a2100196114,0
a2306205450,0
a1979201319,0
a24267532,0
a2019309144,1
a2658123972,0
a2032867848,0
a2126521602,1
a2092532607,0
a2114954316,1
a281648438,1
a323689644,0
a2125526020,0
a2642242799,0
a2286840173,0
a2120216119,0
a2777236847,0
a2050083044,0
a2107395892,1
a2158037825,0
a2408373034,0
a2119595446,0
a2283956996,0
a2050174705,0
a208543431,0
a2141948039,0
a2669415260,1
a1995754924,0
a2122910652,0
a2054145023,0
a1991052005,1
a1987444593,0
a2107070739,0
a2042392617,0
a698135892,0
a297263217,0
a267849793,1
a2107884066,0
a2252608274,0
a1247451551,0
a2142558357,0
a2807688341,0
a2428715280,0
a2310094485,0
a948466955,0
a2013579417,1
a1253439217,1
a2002600875,0
a1966456644,0
a1973070450,1
a2667253479,0
a2702545882,1
a2606306611,0
a1944603549,0
a2150796137,0
a287075784,0
a2288551980,1
a2104650676,0
a1980715552,0
a2057969817,0
a2238215317,1
a67121347,0
a2103056292,0
a2142894599,1
a2632781472,0
a2000692861,0
a2589928656,0
a1998784297,0
a2170629902,0
a2138771547,0
a133388620,1
a2617180606,0
a2229460569,0
a2042129406,0
a2137423774,0
a2132947874,0
a2019462106,0
a2143728639,0
a2171313084,0
a2161754280,0
a2124706680,0
a2108746498,0
a2039005146,0
a2779860092,0
a2492001620,0
a2227744130,0
a2139797254,0
a360895095,0
a213884988,0
a2304815925,0
a2055829627,0
a2117245970,0
a173954690,0
a2222947606,0
a2116554710,0
a2154123352,0
a2008176303,0
a2642022711,0
a2120100450,0
a2227289288,0
a2062514991,0
a2222614395,0
a678127074,1
a2325341517,1
a2106698597,1
a2791465595,0
a2137183984,0
a2714597203,0
a2682329848,0
a2121550591,1
a2295915604,0
a2123289554,0
a2666195832,1
a2146439557,0
a2153604853,1
a2723768152,0
a2634377749,0
a2477752523,0
a2001538285,0
a2422299352,0
a1997817553,0
a2251048048,0
a2688559765,0
a2668364189,1
a2168067492,0
a2300330707,0
a2435751034,0
a2157650779,0
a2704667184,0
a2167115924,0
a2243308922,0
a28426143,1
a2305576264,1
a2118565305,0
a2631792027,1
a2493916859,0
a2497174757,0
a2007518848,0
a100817749,0
a2156594445,0
a2000163035,0
a2701576766,0
a2118209352,0
a2131116857,0
a237265413,1
a2143584303,0
a69543614,1
a2787019748,0
a2482823336,1
a95678275,1
a2226170289,0
a362221392,0
a2029357687,0
a2113636145,0
a2077646361,0
a2042215923,0
a2760150673,0
a2255158764,0
a2157503142,0
a2229741336,0
a2249348976,0
a2811366783,0
a2125988131,0
a2037257294,0
a73418403,0
a2141422720,0
a2110985298,0
a2780309490,0
a2135205842,0
a2805913498,0
a2813230939,0
a2251334947,0
a2159345474,0
a2115636414,0
a2440785686,1
a1249586592,0
a2152330532,0
a2645247999,0
a426341526,1
a2690170966,0
a2699773473,0
a2124002246,0
a1851530084,0
a2624649264,0
a2278040830,0
a2223920688,0
a2124273154,1
a2121870003,0
a2609489335,0
a2802888416,1
a2644677280,1
a1996841310,0
a2672013627,1
a2036986288,0
a2108827848,0
a2130279651,0
a2333724719,0
a2129692324,0
a427937728,0
a2158803791,0
a2123490851,0
a2114304489,0
a1972351094,0
a319248718,0
a2113528437,0
a2305000569,0
a2310270527,0
a2892696919,0
a2897188172,0
a2467886691,0
a2115752352,1
a2559449624,0
a2517519525,0
a1929230065,0
a228581428,0
a2294187346,0
a2128913862,0
a2429858303,0
a2528965684,1
a2810869101,0
a2273759283,0
a2146312520,0
a2021728695,0
a2161448407,0
a2054182087,0
a2129123641,1
a324716293,0
a2275356040,0
a2779852698,1
a2141474645,1
a2156491528,0
a92283206,0
a2893362698,0
a2308983664,0
a2139437446,0
a1966507570,0
a2091686994,0
a2124692862,0
a2893820864,0
a240306032,0
a2109402491,0
a2108494256,0
a2308756067,0
a2280101196,0
a1119378480,0
a2527394672,0
a2506710432,0
a2342836604,1
a1513044354,1
a2805143951,0
a2117966797,0
a2002742946,1
a2146173109,0
a2039873662,1
a383584603,0
a2129114346,0
a2308794080,0
a2295426206,0
a224524703,0
a2139456204,0
a2591118769,1
a1983664831,0
a2292406529,1
a2654044233,1
a2663448746,0
a2230977152,0
a88680535,1
a1982981069,0
a2148591169,0
a2121607560,0
a1972593125,0
a2014838794,1
a2024561599,0
a314084050,0
a2025597422,0
a2064546257,0
a2709215799,0
a2465026904,0
a2722770832,0
a2223843967,0
a2307862406,0
a2015549731,0
a2197314856,0
a2148268052,0
a2748763981,0
a1501542852,0
a2138267588,0
a2114104158,0
a1780829609,0
a2885298969,0
a276193487,0
a248929170,0
a1205048579,0
a2005986326,1
a2134782470,0
a2277909408,1
a2186162728,0
a2008431275,0
a1949061356,1
a2153737888,0
a2810121700,0
a2034043277,0
a2165510032,1
a2149240352,0
a2296427687,0
a2134957846,0
a107058130,0
a2104987549,0
a2311539598,0
a2336661762,1
a2576992368,0
a2153289671,0
a150165597,0
a2608781098,0
a339589296,1
a2251411024,0
a2133226413,0
a2205434071,0
a2144182650,0
a2477126572,0
a1237914314,0
a2039117641,0
a2289816208,0
a706166500,1
a2583016843,0
a2098263412,0
a234835639,0
a2283194067,0
a2721916440,0
a2146888960,0
a2717355490,0
a1883670429,0
a1128694861,1
a2087769833,0
a87831636,0
a2608401020,0
a2781092821,0
a2103349674,1
a2291121611,0
a2311840536,0
a2434924198,0
a2019828590,0
a2084137428,0
a2692125243,0
a2642611369,0
a2157167650,0
a2584411106,0
a2130854877,0
a2028784970,0
a2155874124,0
a2509291658,0
a1970391018,1
a2495402320,0
a2039372632,1
a2006920297,0
a2168989598,0
a2132396280,0
a2061948862,0
a243340819,1
a514836396,1
a2000752330,0
a720605457,1
a2346995275,0
a2195436365,0
a2158284782,1
a2442675343,0
a2158563094,0
a2304298685,1
a2170230360,0
a2486446532,0
a2628810970,0
a2097130169,1
a2134425921,1
a734152518,0
a1994052019,0
a2226211366,0
a2138288751,0
a2300260723,0
a2228330820,0
a2028603319,0
a2698289080,0
a69805596,0
a2031005049,1
a2397256036,0
a128624645,0
a2575765363,1
a2803104045,0
a2485856498,0
a1776653467,0
a253045270,1
a1992065072,0
a2295328501,0
a2099297018,0
a2297758613,1
a2053318423,0
a1985738397,1
a2106740761,0
a1972729971,0
a705676171,1
a2276030493,0
a2142626437,0
a2428395861,0
a2153562969,0
a2539145186,0
a2260348883,1
a2145481163,0
a2562650052,0
a2118610972,0
a2013660797,0
a2815217814,0
a1985097037,0
a2761276524,0
a2651158245,0
a2054788992,0
a2285551354,1
a2101503271,0
a1973318243,0
a2102508494,0
a2652944969,0
a2441982997,0
a2224468871,0
a2779246248,0
a2561131329,0
a2095948822,0
a2711986990,0
a2305016559,1
a2150778444,1
a2125605224,1
a2345927361,0
a431165649,0
a2056263994,0
a79753531,0
a2151301588,0
a2167640884,0
a2497773267,0
a252564519,0
a304024354,0
a1125110766,0
a1084354052,0
a1230614066,0
a76571739,0
a2138196911,0
a2238690600,0
a2043186548,1
a2688354176,0
a2892776785,0
a2136801350,0
a2108929539,0
a1978683209,0
a2760905887,0
a2423939802,0
a1206024763,0
a2034282898,1
a2078816297,0
a2141641048,0
a39820178,0
a2131651575,1
a2128497351,0
a2280238786,0
a2893892228,0
a2619667178,0
a2304276208,0
a2163867018,0
a2781213378,0
a2874275615,0
a2014469688,0
a8132329,1
a1964528081,0
a2149922285,0
a2892550814,0
a2504109675,0
a2146992284,0
a1967715543,0
a2778195665,0
a2143023648,0
a2780733893,0
a2635568375,0
a2145980052,0
a2893348550,0
a2142270514,0
a1986584529,0
a2630506184,1
a1749229708,1
a2106014425,0
a2032134380,0
a820494046,0
a2286422278,0
a2645550125,0
a2167737780,0
a1264551732,0
a2776245253,0
a313638259,0
a1263411180,0
a2492287460,0
a1226625586,0
a2082506657,0
a2144108974,0
a2120272123,0
a2308334310,0
a2110486381,0
a2893817077,0
a2646539044,1
a2160811952,0
a2128990482,1
a2095612124,0
a2224718883,0
a2090809909,0
a2271906946,1
a2149458067,1
a674310564,0
a2071294315,1
a2142405369,0
a2556251846,0
a2806427556,1
a1999281778,0
a2291008407,1
a2292350935,0
a2125912385,0
a2115700434,0
a108406206,0
a66485931,1
a2143081449,1
a2219424376,0
a2098930050,0
a1419022840,0
a1986862157,0
a2505090028,0
a2893421279,0
a2638272028,0
a2161541231,0
a2128965011,0
a2114357324,0
a2658661782,1
a2081435542,0
a2487720989,0
a2168013288,1
a2656586799,0
a2514124009,0
a225424607,0
a206280416,0
a2164813732,1
a2097926291,0
a343307178,1
a1963524793,0
a2308127960,0
a2007429917,0
a2499585358,0
a2087834039,0
a2112145874,0
a2130996983,0
a2271803309,1
a57880609,1
a2107352710,0
a2300834035,0
a2171485312,1
a2140992329,0
a66010103,0
a2666090239,0
a2151056101,0
a2345518598,0
a2463969832,1
a2640343055,0
a2232072325,0
a2117656073,0
a2229120554,0
a2148782644,0
a2166755635,0
a2107624962,0
a323797451,0
a2167033418,1
a2102901698,1
a175317879,0
a2222637738,0
a2307556295,0
a2151411149,0
a1980723161,0
a2106530360,0
a2126330539,1
a2161388515,0
a2242617642,1
a2113623960,0
a2148973427,0
a2626264286,1
a2343758766,0
a2476463255,0
a2168614097,0
a113461303,1
a2106700703,0
a641650826,0
a2147389682,0
a2130646698,0
a2251984669,1
a2596684058,0
a2577315453,0
a2892459195,0
a341599399,0
a2111754996,0
a2142274643,0
a1968050939,0
a696807755,0
a2130302603,1
a2083628567,1
a2778503512,0
a2631824828,0
a2714565484,0
a2646853119,0
a2224497550,1
a2151930384,0
a2110790975,0
a2284486907,0
a2279915126,0
a2047057737,1
a2071141648,0
a2151048714,0
a2166589344,0
a236180559,0
a2043873593,0
a2078788081,0
a2776282295,0
a2244150349,1
a2290566231,0
a2121363826,0
a2798698802,0
a2148168557,1
a2124572662,0
a67054072,0
a2158087816,0
a2589970869,0
a2099758093,0
a2096807249,1
a2442316571,1
a2344638167,0
a2145810119,0
a390930505,0
a2104701359,0
a2173949830,0
a2118590704,1
a2012499344,0
a33206313,0
a304190224,0
a2171635907,1
a2101454519,0
a2100370277,0
a2294618833,0
a2091934636,1
a2344392549,1
a157678263,0
a2030870538,0
a2464352497,1
a2119853680,0
a296850027,0
a1969688450,0
a2171804313,0
a2661238234,1
a2268379917,0
a2097638082,0
a2693837423,0
a2797769458,0
a2106818440,0
a2133606599,1
a2693803998,0
a2125087317,0
a2059615149,1
a2483396188,1
a2043041937,0
a2669102509,0
a205587521,0
a2127260490,0
a2132136220,1
a2114372436,1
a1898282297,0
a2126730192,0
a2224418301,0
a2224423478,0
a2476590178,0
a2125027556,0
a2147161411,0
a2196246240,0
a2065581641,0
a18896700,0
a2071553814,0
a2149169927,0
a2701505114,0
a2686606814,0
a2222560115,1
a2139737370,1
a2128137243,0
a2309858515,0
a2115930374,0
a2282891647,0
a2078704756,0
a2140989583,1
a2302367558,1
a2285453429,0
a2013820841,0
a228527615,0
a2061296320,0
a2577876495,0
a2294996757,1
a281263185,0
a1988148927,0
a999665357,0
a2104251699,0
a2669929387,0
a2131672109,0
a2101841691,0
a2100145838,0
a166316913,1
a2495404924,0
a2119358208,0
a54234561,0
a2121217203,0
a2641573904,1
a2697177384,1
a2171394160,0
a2341290231,0
a216106550,0
a2435470934,0
a2225699640,0
a2141906338,0
a2570462787,0
a2240528681,1
a2065278996,0
a2633329026,0
a1980182462,0
a207528511,0
a2159641128,1
a2776525165,0
a2114161940,0
a2004286868,0
a1979772396,0
a2048342219,0
a1268727595,0
a2573183954,0
a2420055529,0
a2721445647,0
a4632558,0
a2117044877,0
a2140136442,0
a2345278458,0
a2103786759,1
a2304639312,0
a1522283272,0
a1246451812,0
a2132549058,0
a2499872799,0
a2617910739,0
a2110962214,0
a156657161,0
a2147002465,0
a2161269703,0
a267358967,0
a2417383732,1
a2109327166,0
a2230810874,0
a2139846034,1
a2175253844,0
a2155062495,0
a2157441593,1
a2809637079,0
a2140899347,0
a2103692808,0
a2107955892,0
a2583691085,0
a172573358,0
a2127312789,0
a1909679631,1
a2761492178,1
a2113221098,0
a1991190249,1
a2440503352,0
a2778818961,1
a2048576184,0
a2094248864,0
a2135569827,1
a2168690967,0
a2150398842,1
a2260911234,0
a2140442116,0
a2672953845,1
a2121752292,0
a2138048039,0
a2139235300,0
a2289364316,0
a2033037420,0
a2113230973,0
a2061708611,0
a2167015435,1
a2548675484,0
a2776878715,1
a1970997016,1
a2112185148,0
a2775838455,0
a2159620524,0
a2050595699,0
a2536698918,1
a2137188782,0
a2153710278,1
a2296550761,0
a1612536449,0
a1971070670,0
a2250409171,1
a2309636950,0
a2068831938,0
a2430395135,0
a300944089,0
a2144864747,0
a212565954,1
a2147135101,0
a2646911244,0
a2279483396,0
a2079152302,0
a2104757924,1
a2133007061,0
a2151044291,1
a2105441224,0
a252562283,0
a1977227655,0
a2251505898,0
a2130941901,0
a2136822424,0
a1977430674,0
a2392993452,0
a2160214997,0
a2012164496,1
a2255580020,0
a2637970833,1
a2172156025,1
a881328898,0
a2628080501,0
a2131931065,0
a2352143941,1
a2507531008,0
a2146508076,0
a2222683924,0
a2135063632,0
a2288886406,0
a2147889835,0
a683790044,0
a2241443561,0
a187948840,0
a2659892814,1
a319285823,0
a2226407377,0
a2225614841,0
a2101052892,0
a2068493771,0
a2655389208,0
a2109031982,0
a2257800988,1
a2128845036,0
a2083230454,1
a2633641900,0
a1980295223,0
a2663096224,1
a2148989113,1
a2242613764,0
a2557241765,0
a2101253922,0
a1914497179,0
a2097328450,0
a2230771436,0
a2149808489,1
a2129489018,0
a2141205835,0
a2129444726,0
a2141897598,1
a2311331142,1
a2634347212,0
a2160625521,0
a1981895318,0
a2191599256,1
a2618530704,0
a2345836963,1
a2723361750,1
a2105248105,1
a271170014,0
a2310566762,0
a2080281858,0
a2051689263,1
a679539391,0
a2695422228,0
a1384229811,0
a2165599877,0
a1896956012,0
a659530374,0
a282063680,0
a2018912633,1
a2315180573,0
a2304869110,1
a2153682813,0
a2143250225,0
a2097539335,0
a2777908076,0
a2226970511,0
a1940164629,0
a2161168953,0
a1954387625,0
a2672337353,0
a2288371137,1
a2268994745,1
a2720258824,0
a2106068073,0
a2149519810,1
a2714496469,0
a2894059296,1
a2108822101,0
a280017384,0
a2186721938,0
a2547918326,0
a2272606362,0
a2163619555,0
a2222273857,1
a2119705647,0
a2471958024,0
a2130201582,0
a2111878088,0
a2152164708,1
a2072005154,0
a2462001706,1
a2893607977,0
a2291386233,0
a2472936130,0
a114700236,0
a2120785847,0
a2107050089,0
a70256724,0
a2805836417,0
a46148421,1
a2444280008,0
a2321410875,0
a2304293600,0
a2153396844,0
a2483797660,1
a2472728339,0
a2099747503,0
a2022609102,1
a2124867291,0
a2029874912,0
a2122673564,0
a2171962449,0
a2162036314,0
a2149362686,0
a2709821178,1
a2108914044,0
a1965188977,0
a2003927988,0
a2107435621,1
a2125167772,1
a2235788263,0
a2150027510,0
a2227041156,0
a2540648758,0
a2164566677,0
a2121496889,0
a2137225863,0
a2145185828,0
a2077020583,0
a2645568220,1
a2640763581,1
a614416267,0
a2231563531,0
a2695387881,0
a2230086605,1
a2125104194,0
a1228406478,0
a2129186553,0
a2644147238,1
a2762078360,1
a2027770059,0
a2344120076,0
a2601732714,0
a2894225619,1
a209651163,0
a2125283802,0
a2651493772,1
a2080084843,0
a2097738040,0
a2157205643,0
a2250935713,0
a2081368286,0
a2146637363,0
a2170605079,0
a24618270,0
a2161482855,0
a1948455341,0
a2063991549,0
a2400476527,0
a2165254938,1
a2401681908,1
a2715753899,0
a345905177,0
a2308242117,0
a2090988896,1
a2112004524,1
a2108022588,0
a2095381979,0
a2304808724,0
a2436084522,0
a2533356143,0
a2311961737,0
a2159253281,0
a345624022,0
a2289414603,0
a677720030,0
a2099379656,1
a2476332389,0
a2162149062,0
a284313219,0
a2143564406,0
a2666355885,0
a2626001336,0
a2102281295,0
a2159334713,0
a2113829419,0
a42507994,0
a2894375599,0
a2128129399,0
a2273938672,1
a2080877090,0
a2238940339,1
a2031952559,0
a2135283231,0
a2094958578,0
a2602441737,1
a2119832148,0
a313079300,0
a2001472639,0
a2423751016,0
a2064105222,0
a735637853,0
a2183078645,0
a1522889589,0
a2079103255,0
a142239328,1
a2131691236,0
a2096385511,0
a2227428340,1
a2078703649,0
a1211337536,1
a2252472200,0
a2138906516,1
a2570561938,0
a84106262,0
a2121033802,0
a2106857877,0
a2339387643,1
a2132488376,0
a2267851828,1
a169244742,1
a178889890,0
a1997629548,0
a2096848215,0
a2167481407,0
a2132842126,0
a2099681920,1
a77221159,0
a1972486235,0
a2642646235,0
a2136050841,0
a2708921623,0
a2023765750,0
a2477485286,1
a2159372297,0
a2107484858,0
a2892549063,0
a1811741151,0
a2777503875,0
a2154033516,1
a2435288915,0
a1994677000,1
a2223490547,0
a2558644779,0
a2021481023,0
a2634702884,1
a2553248206,0
a2124822581,0
a2125342126,0
a2663042577,1
a2892010408,0
a2228673676,1
a2894469342,0
a307884807,1
a2336366315,0
a1994299733,1
a2307703274,0
a852303700,1
a1933000673,1
a323628214,1
a1837768759,0
a2810336455,0
a2192651416,0
a2140211975,0
a2167285308,0
a2787249568,0
a2109537329,0
a2101135606,0
a2110419712,0
a2099507283,0
a2156071728,1
a2151051832,0
a1964319870,0
a2699995249,1
a2123654898,0
a2011760006,0
a2338946638,1
a2420538054,0
a2033663994,0
a2779834449,0
a2570230824,1
a2138805444,0
a2165400638,0
a2119476887,1
a2500646501,0
a1976489361,0
a532834103,0
a2304890293,0
a2302554261,0
a2132535314,0
a1980340107,0
a136859070,1
a150096297,0
a2192713936,0
a2162722686,1
a2222250516,0
a267730324,0
a2707838932,1
a2130456104,0
a2136785411,0
a2336552136,0
a1926825749,0
a2307802479,0
a346630983,0
a2665259262,0
a2101475749,0
a2304873892,0
a2118661750,0
a1096604671,0
a225175796,0
a2477528781,0
a2101747962,1
a2645042977,0
a2204127537,0
a2029493321,0
a2232116899,0
a1220470961,0
a2229377958,0
a215671502,1
a2127078753,0
a2790583363,0
a2152107684,1
a397773802,1
a673942444,0
a2497875187,0
a2666849190,1
a2795343606,1
a2304584118,0
a2266878914,0
a2016987025,0
a2677122615,0
a2264288836,0
a1978138568,0
a171572656,0
a2299486970,0
a2139677914,0
a2097264520,1
a1878631932,0
a1991060659,0
a2810430813,0
a69160318,0
a2077522863,0
a2478978387,0
a2123651450,0
a261160127,0
a2059033665,0
a2160498795,0
a2514981071,0
a2228650558,0
a2264363730,1
a2164449189,0
a1999864269,0
a2268092164,0
a2422899029,0
a2202402696,0
a2701402179,0
a2122552307,0
a2096249461,0
a2136486940,0
a2893434075,0
a2065733991,1
a2298492283,1
a321456042,0
a2115085568,0
a1153133090,0
a1964017768,1
a2159644763,0
a2596596230,0
a1990634329,0
a2164563249,0
a2866488448,1
a2302908093,1
a2491979284,0
a2599442847,1
a2716172993,1
a2309818640,0
a2148665219,0
a2302572371,0
a2512011810,0
a184266003,0
a2140957555,0
a2090109395,0
a2490934421,1
a2490335199,0
a1365571723,1
a268350945,1
a2503029702,0
a2124193838,0
a2011847073,0
a2075153189,0
a161264772,1
a2046152974,0
a242745652,0
a2296899387,1
a2113729911,0
a2713568517,0
a2170070822,0
a2010447242,0
a226745490,0
a1598084032,1
a2309349673,0
a2328445941,0
a2560104409,0
a2167365918,0
a2096432594,0
a2158260433,0
a2215913120,0
a2776490598,0
a2161492338,0
a2308439699,0
a2343226066,0
a65830212,0
a2162145093,0
a2086485007,0
a2109520708,0
a2125000923,0
a2139913828,0
a2024655894,0
a2154379914,0
a2053284333,1
a2642048689,0
a2124119034,0
a1973718029,0
a2126590519,0
a1886095867,0
a1804802447,0
a2059066017,0
a1659196009,0
a2137626219,0
a300487931,0
a2116772828,0
a2304215623,0
a2892436186,0
a2805903882,0
a2608547332,0
a2140938442,0
a2230914261,0
a1858955830,1
a2639726250,0
a2131819944,0
a2153458393,0
a2116418223,0
a1983524196,1
a2158062023,1
a2107685843,1
a2159856632,0
a2303505004,0
a2712529444,0
a2028281136,0
a1991059909,0
a2201421368,0
a2686795201,1
a157455589,0
a2108282744,0
a2804491344,0
a2148203772,0
a2109605623,0
a2665384753,0
a2481970628,0
a2617871696,0
a261974185,0
a257080572,1
a2169349353,0
a2130526832,0
a115085028,0
a2148329557,1
a2422620142,0
a2275463487,0
a2154365144,1
a1970497790,0
a2138956396,1
a2110086449,1
a1841724547,0
a2477880706,1
a2572675995,0
a2048729876,0
a2153426108,0
a205862891,0
a2064029816,0
a2017897688,1
a2128034517,1
a2513039797,1
a68021724,0
a2114714009,0
a1987182826,0
a2097752033,0
a2157809065,0
a2200007074,0
a2144802550,0
a2024254804,0
a2635223180,0
a2155768603,0
a2037585042,0
a2021276105,0
a2105058880,0
a2011220966,1
a1998351103,0
a2162973165,0
a2223140307,1
a2685224888,0
a2579263523,1
a2254950194,0
a1543763642,1
a2242952981,1
a2022488008,0
a2150641260,0
a2682754449,1
a2229334099,0
a2104019359,0
a2109352243,0
a2544253992,0
a2127164171,0
a276012958,1
a2569173979,0
a336179595,0
a2670949220,1
a2084241726,1
a2246138138,0
a2798867335,0
a2102401503,0
a2157880984,0
a2257433360,1
a2259183943,0
a2127478336,0
a2141835797,1
a2311247618,0
a2513913512,0
a2228069075,0
a2592516830,0
a2439433889,0
a2238074209,0
a2143928993,1
a2150592162,0
a2018322338,0
a2128504848,0
a2136165479,0
a285822418,0
a2505321964,1
a2244698799,0
a2168888536,0
a1860661424,1
a2228357033,0
a2427412989,1
a1979796846,0
a2167078172,0
a2250933759,0
a2077402046,1
a2149659377,0
a2074162063,0
a2149045328,0
a2708390023,0
a358516195,0
a2130691685,1
a2092695954,0
a2151846816,1
a2155983610,1
a2128815193,0
a2080016373,0
a2165412067,0
a2494666006,0
a2486578105,0
a1993778338,0
a2166922526,0
a2129317713,0
a2259461383,0
a2227386231,0
a2125647849,0
a2012722371,1
a2322881980,1
a2073648588,0
a2149967855,0
a2307810342,0
a1246103178,0
a2019696597,1
a2228761863,0
a2027397304,0
a2290921873,0
a2779517287,0
a2776690639,0
a1519336086,1
a2075622585,0
a2304647583,0
a2047892088,1
a2107362178,0
a2233842262,0
a2169520429,0
a2699016321,1
a2146335907,0
a1982371591,0
a2149366604,0
a677572031,0
a1964658779,0
a2222151963,0
a2154833104,1
a2124654629,0
a233143155,0
a2169163720,0
a2149801571,0
a2222751862,1
a18851973,1
a2304690581,1
a1710256958,0
a2102819664,0
a2231245484,0
a2310773541,0
a2302997803,0
a160350845,1
a494509844,0
a2122781395,0
a2308841416,0
a2124168510,0
a2592845505,1
a2067196623,0
a150280719,1
a1576783085,1
a2166080598,1
a2142421267,1
a2109230148,0
a2761255177,0
a2159401048,0
a2119307789,1
a121890299,0
a2139751229,1
a2691544843,0
a2080443884,1
a2778446761,1
a2144418927,0
a2143636956,0
a1990435964,0
a2310402581,0
a2134667061,1
a147798584,0
a2162746852,0
a2152830259,1
a2124312915,0
a2326532861,0
a1231976773,0
a2129648420,0
a2188709943,0
a2126963282,0
a2661866316,0
a1988556028,0
a1991166589,0
a2109806231,0
a711842837,0
a2707265978,0
a2306017430,0
a2716700364,0
a2025083130,0
a2251597935,0
a2228755178,0
a2140978461,0
a1534484550,1
a159726572,0
a257007369,0
a2154129452,0
a2309096421,1
a2671124217,0
a2702763376,0
a2130633246,0
a2128530851,0
a2157865440,0
a2895670059,0
a2107302653,0
a1905693354,0
a2777767155,0
a2122796555,1
a1794038515,1
a2121850449,1
a2334791189,0
a260686380,1
a141315511,0
a1239683180,0
a2134569023,1
a2115267903,1
a2120241213,1
a2114828967,0
a2132559066,0
a2168576059,0
a2078136799,0
a1997356218,0
a1949072360,0
a2131977055,0
a2120836466,0
a2430728078,0
a2130991957,0
a2112689123,1
a1825141552,0
a2668699331,0
a2164545929,0
a2660331393,0
a1993270567,0
a2041457156,0
a2800952309,1
a2674100032,0
a2430381672,0
a75181450,1
